[{"model": "admin.logentry", "pk": 1, "fields": {"action_time": "2025-08-10T14:51:30.620Z", "user": "ab8ff76f-bd50-470e-853b-e2e8c9a0d177", "content_type": 23, "object_id": "845aa73d-72a1-473e-b278-9af7779b48ca", "object_repr": "Contribution object (845aa73d-72a1-473e-b278-9af7779b48ca)", "action_flag": 1, "change_message": "[{\"added\": {}}]"}}, {"model": "admin.logentry", "pk": 2, "fields": {"action_time": "2025-08-10T14:55:42.558Z", "user": "ab8ff76f-bd50-470e-853b-e2e8c9a0d177", "content_type": 19, "object_id": "0b15aa30-ce60-4f07-bea6-ff8404f4d499", "object_repr": "Active ", "action_flag": 1, "change_message": "[{\"added\": {}}]"}}, {"model": "admin.logentry", "pk": 3, "fields": {"action_time": "2025-08-10T14:55:45.704Z", "user": "ab8ff76f-bd50-470e-853b-e2e8c9a0d177", "content_type": 22, "object_id": "10e68532-24a6-4f12-a14d-af4ef9a7f4e7", "object_repr": "Available ", "action_flag": 1, "change_message": "[{\"added\": {}}]"}}, {"model": "admin.logentry", "pk": 4, "fields": {"action_time": "2025-08-10T14:55:56.103Z", "user": "ab8ff76f-bd50-470e-853b-e2e8c9a0d177", "content_type": 22, "object_id": "a4cada88-21c2-4ba2-91ec-9bf9b7d4bf82", "object_repr": "Current ", "action_flag": 1, "change_message": "[{\"added\": {}}]"}}, {"model": "admin.logentry", "pk": 5, "fields": {"action_time": "2025-08-10T14:56:06.158Z", "user": "ab8ff76f-bd50-470e-853b-e2e8c9a0d177", "content_type": 22, "object_id": "7a3eb2dd-c9ed-486d-a679-3b3b5a097933", "object_repr": "Reserved ", "action_flag": 1, "change_message": "[{\"added\": {}}]"}}, {"model": "admin.logentry", "pk": 6, "fields": {"action_time": "2025-08-10T14:56:15.700Z", "user": "ab8ff76f-bd50-470e-853b-e2e8c9a0d177", "content_type": 22, "object_id": "b13cec03-2f73-4b15-a9bd-1af5d4f83599", "object_repr": "Uncleared ", "action_flag": 1, "change_message": "[{\"added\": {}}]"}}, {"model": "admin.logentry", "pk": 7, "fields": {"action_time": "2025-08-10T14:56:43.152Z", "user": "ab8ff76f-bd50-470e-853b-e2e8c9a0d177", "content_type": 17, "object_id": "b1e1ed68-39b6-4f44-b067-3aeb8cac6d57", "object_repr": "Cr", "action_flag": 1, "change_message": "[{\"added\": {}}]"}}, {"model": "admin.logentry", "pk": 8, "fields": {"action_time": "2025-08-10T14:56:55.637Z", "user": "ab8ff76f-bd50-470e-853b-e2e8c9a0d177", "content_type": 17, "object_id": "d1f19114-40e2-4d32-8e45-3b04574fb596", "object_repr": "Dr", "action_flag": 1, "change_message": "[{\"added\": {}}]"}}, {"model": "admin.logentry", "pk": 9, "fields": {"action_time": "2025-08-10T14:57:46.674Z", "user": "ab8ff76f-bd50-470e-853b-e2e8c9a0d177", "content_type": 16, "object_id": "224f1124-e591-4021-b628-e1e5037abb21", "object_repr": "InitiatePayment", "action_flag": 1, "change_message": "[{\"added\": {}}]"}}, {"model": "admin.logentry", "pk": 10, "fields": {"action_time": "2025-08-10T14:57:54.521Z", "user": "ab8ff76f-bd50-470e-853b-e2e8c9a0d177", "content_type": 16, "object_id": "6ea20ebe-324e-4eaf-afb0-72341f319413", "object_repr": "ApprovePaymentTransaction", "action_flag": 1, "change_message": "[{\"added\": {}}]"}}, {"model": "admin.logentry", "pk": 11, "fields": {"action_time": "2025-08-10T14:58:06.898Z", "user": "ab8ff76f-bd50-470e-853b-e2e8c9a0d177", "content_type": 16, "object_id": "4ce7efd5-f72b-4876-889d-fb8b34c2b83d", "object_repr": "RejectPaymentTransaction", "action_flag": 1, "change_message": "[{\"added\": {}}]"}}, {"model": "admin.logentry", "pk": 12, "fields": {"action_time": "2025-08-10T14:58:19.886Z", "user": "ab8ff76f-bd50-470e-853b-e2e8c9a0d177", "content_type": 16, "object_id": "441ba2a6-8884-4309-be92-b45400ccea1c", "object_repr": "InitiateTopup", "action_flag": 1, "change_message": "[{\"added\": {}}]"}}, {"model": "admin.logentry", "pk": 13, "fields": {"action_time": "2025-08-10T14:58:29.084Z", "user": "ab8ff76f-bd50-470e-853b-e2e8c9a0d177", "content_type": 16, "object_id": "42bff756-a470-467c-8d48-1c8ebd4cecb7", "object_repr": "ApproveTopupTransaction", "action_flag": 1, "change_message": "[{\"added\": {}}]"}}, {"model": "admin.logentry", "pk": 14, "fields": {"action_time": "2025-08-10T14:58:38.539Z", "user": "ab8ff76f-bd50-470e-853b-e2e8c9a0d177", "content_type": 16, "object_id": "212ce89a-b981-4374-8366-3b56ca24f33f", "object_repr": "RejectTopupTransaction", "action_flag": 1, "change_message": "[{\"added\": {}}]"}}, {"model": "admin.logentry", "pk": 15, "fields": {"action_time": "2025-08-10T14:59:05.898Z", "user": "ab8ff76f-bd50-470e-853b-e2e8c9a0d177", "content_type": 21, "object_id": "f794216b-fbb7-464a-b92b-150e214b0f36", "object_repr": "Mobile Money ", "action_flag": 1, "change_message": "[{\"added\": {}}]"}}, {"model": "admin.logentry", "pk": 16, "fields": {"action_time": "2025-08-10T14:59:17.271Z", "user": "ab8ff76f-bd50-470e-853b-e2e8c9a0d177", "content_type": 21, "object_id": "8bba81b5-bb7b-4020-a023-1f1b51a581ed", "object_repr": "Bank Payment ", "action_flag": 1, "change_message": "[{\"added\": {}}]"}}, {"model": "admin.logentry", "pk": 17, "fields": {"action_time": "2025-08-10T14:59:40.274Z", "user": "ab8ff76f-bd50-470e-853b-e2e8c9a0d177", "content_type": 15, "object_id": "e24f156b-de9b-4c9d-9451-27a8bd0968ba", "object_repr": "InitiateTopup ", "action_flag": 1, "change_message": "[{\"added\": {}}]"}}, {"model": "admin.logentry", "pk": 18, "fields": {"action_time": "2025-08-10T14:59:48.373Z", "user": "ab8ff76f-bd50-470e-853b-e2e8c9a0d177", "content_type": 15, "object_id": "9143c88c-1ed8-4895-928a-4a466c6a42f5", "object_repr": "ApproveTopupTransaction ", "action_flag": 1, "change_message": "[{\"added\": {}}]"}}, {"model": "admin.logentry", "pk": 19, "fields": {"action_time": "2025-08-10T14:59:58.478Z", "user": "ab8ff76f-bd50-470e-853b-e2e8c9a0d177", "content_type": 15, "object_id": "4a841e0d-9be4-4bc1-9cbc-7d4bcf670105", "object_repr": "RejectTopupTransaction ", "action_flag": 1, "change_message": "[{\"added\": {}}]"}}, {"model": "admin.logentry", "pk": 20, "fields": {"action_time": "2025-08-10T15:00:08.220Z", "user": "ab8ff76f-bd50-470e-853b-e2e8c9a0d177", "content_type": 15, "object_id": "0bd763e8-5ce9-4147-9600-a062c2ed8558", "object_repr": "InitiatePayment ", "action_flag": 1, "change_message": "[{\"added\": {}}]"}}, {"model": "admin.logentry", "pk": 21, "fields": {"action_time": "2025-08-10T15:00:17.784Z", "user": "ab8ff76f-bd50-470e-853b-e2e8c9a0d177", "content_type": 15, "object_id": "b4d9c453-2034-4862-a0a0-c2878a55379a", "object_repr": "ApprovePaymentTransaction ", "action_flag": 1, "change_message": "[{\"added\": {}}]"}}, {"model": "admin.logentry", "pk": 22, "fields": {"action_time": "2025-08-10T15:00:28.864Z", "user": "ab8ff76f-bd50-470e-853b-e2e8c9a0d177", "content_type": 15, "object_id": "233d1e26-c9dd-469c-a0ba-646147b2189e", "object_repr": "RejectPaymentTransaction ", "action_flag": 1, "change_message": "[{\"added\": {}}]"}}, {"model": "admin.logentry", "pk": 23, "fields": {"action_time": "2025-08-10T15:00:55.397Z", "user": "ab8ff76f-bd50-470e-853b-e2e8c9a0d177", "content_type": 18, "object_id": "6a2debb6-f4b7-45da-a917-97856bf1f506", "object_repr": "RejectPaymentTransaction  RejectPaymentTransaction", "action_flag": 1, "change_message": "[{\"added\": {}}]"}}, {"model": "admin.logentry", "pk": 24, "fields": {"action_time": "2025-08-10T15:01:09.698Z", "user": "ab8ff76f-bd50-470e-853b-e2e8c9a0d177", "content_type": 18, "object_id": "bcd0c3ea-d4db-440f-b08f-aeb4f5671859", "object_repr": "ApprovePaymentTransaction  ApprovePaymentTransaction", "action_flag": 1, "change_message": "[{\"added\": {}}]"}}, {"model": "admin.logentry", "pk": 25, "fields": {"action_time": "2025-08-10T15:01:24.114Z", "user": "ab8ff76f-bd50-470e-853b-e2e8c9a0d177", "content_type": 18, "object_id": "aa0d20ad-7816-4dc7-9516-2090d86b67b9", "object_repr": "InitiatePayment  InitiatePayment", "action_flag": 1, "change_message": "[{\"added\": {}}]"}}, {"model": "admin.logentry", "pk": 26, "fields": {"action_time": "2025-08-10T15:01:51.769Z", "user": "ab8ff76f-bd50-470e-853b-e2e8c9a0d177", "content_type": 18, "object_id": "35ef78eb-c21a-4603-8ec2-18406bb9e597", "object_repr": "RejectTopupTransaction  RejectTopupTransaction", "action_flag": 1, "change_message": "[{\"added\": {}}]"}}, {"model": "admin.logentry", "pk": 27, "fields": {"action_time": "2025-08-10T15:02:04.153Z", "user": "ab8ff76f-bd50-470e-853b-e2e8c9a0d177", "content_type": 18, "object_id": "d6db425b-2bda-472d-80fd-a31f4b4370e6", "object_repr": "ApproveTopupTransaction  ApproveTopupTransaction", "action_flag": 1, "change_message": "[{\"added\": {}}]"}}, {"model": "admin.logentry", "pk": 28, "fields": {"action_time": "2025-08-10T15:02:19.753Z", "user": "ab8ff76f-bd50-470e-853b-e2e8c9a0d177", "content_type": 18, "object_id": "8c08c595-bee9-43a4-b7ac-ea0fd5279ebf", "object_repr": "InitiateTopup  InitiateTopup", "action_flag": 1, "change_message": "[{\"added\": {}}]"}}, {"model": "admin.logentry", "pk": 29, "fields": {"action_time": "2025-08-10T15:02:38.968Z", "user": "ab8ff76f-bd50-470e-853b-e2e8c9a0d177", "content_type": 20, "object_id": "3be8a896-b63b-44ea-a511-742051797b52", "object_repr": "credit_account_uncleared - InitiateTopup  InitiateTopup - Active  ", "action_flag": 1, "change_message": "[{\"added\": {}}]"}}, {"model": "admin.logentry", "pk": 30, "fields": {"action_time": "2025-08-10T15:02:56.201Z", "user": "ab8ff76f-bd50-470e-853b-e2e8c9a0d177", "content_type": 20, "object_id": "75a90b5f-e15e-4237-8c3e-130f97a7c083", "object_repr": "credit_account_current - InitiateTopup  InitiateTopup - Active  ", "action_flag": 1, "change_message": "[{\"added\": {}}]"}}, {"model": "admin.logentry", "pk": 31, "fields": {"action_time": "2025-08-10T15:03:25.259Z", "user": "ab8ff76f-bd50-470e-853b-e2e8c9a0d177", "content_type": 20, "object_id": "e749d47e-e786-47da-9134-415fcaf061f8", "object_repr": "debit_account_uncleared - ApproveTopupTransaction  ApproveTopupTransaction - Active  ", "action_flag": 1, "change_message": "[{\"added\": {}}]"}}, {"model": "admin.logentry", "pk": 32, "fields": {"action_time": "2025-08-10T15:03:31.760Z", "user": "ab8ff76f-bd50-470e-853b-e2e8c9a0d177", "content_type": 20, "object_id": "75a90b5f-e15e-4237-8c3e-130f97a7c083", "object_repr": "credit_account_current - InitiateTopup  InitiateTopup - Active  ", "action_flag": 2, "change_message": "[{\"changed\": {\"fields\": [\"Order\"]}}]"}}, {"model": "admin.logentry", "pk": 33, "fields": {"action_time": "2025-08-10T15:03:49.065Z", "user": "ab8ff76f-bd50-470e-853b-e2e8c9a0d177", "content_type": 20, "object_id": "55ed1107-6f45-4bd1-8d8c-7a98337bdbc3", "object_repr": "credit_account_available - ApproveTopupTransaction  ApproveTopupTransaction - Active  ", "action_flag": 1, "change_message": "[{\"added\": {}}]"}}, {"model": "admin.logentry", "pk": 34, "fields": {"action_time": "2025-08-10T15:04:17.899Z", "user": "ab8ff76f-bd50-470e-853b-e2e8c9a0d177", "content_type": 20, "object_id": "fc70e5ce-59fa-4bac-9be4-8c05554933b7", "object_repr": "debit_account_current - RejectTopupTransaction  RejectTopupTransaction - Active  ", "action_flag": 1, "change_message": "[{\"added\": {}}]"}}, {"model": "admin.logentry", "pk": 35, "fields": {"action_time": "2025-08-10T15:04:31.110Z", "user": "ab8ff76f-bd50-470e-853b-e2e8c9a0d177", "content_type": 20, "object_id": "dc706d8a-b197-43a1-b22c-2af8c4792e20", "object_repr": "debit_account_uncleared - RejectTopupTransaction  RejectTopupTransaction - Active  ", "action_flag": 1, "change_message": "[{\"added\": {}}]"}}, {"model": "admin.logentry", "pk": 36, "fields": {"action_time": "2025-08-10T15:04:47.848Z", "user": "ab8ff76f-bd50-470e-853b-e2e8c9a0d177", "content_type": 20, "object_id": "10b79760-417c-4a26-9920-a00e496455d2", "object_repr": "debit_account_available - InitiatePayment  InitiatePayment - Active  ", "action_flag": 1, "change_message": "[{\"added\": {}}]"}}, {"model": "admin.logentry", "pk": 37, "fields": {"action_time": "2025-08-10T15:05:00.083Z", "user": "ab8ff76f-bd50-470e-853b-e2e8c9a0d177", "content_type": 20, "object_id": "806ac9e7-b19a-4095-93b9-da74d4543452", "object_repr": "credit_account_reserved - InitiateTopup  InitiateTopup - Active  ", "action_flag": 1, "change_message": "[{\"added\": {}}]"}}, {"model": "admin.logentry", "pk": 38, "fields": {"action_time": "2025-08-10T15:05:12.951Z", "user": "ab8ff76f-bd50-470e-853b-e2e8c9a0d177", "content_type": 20, "object_id": "ad6dabc3-d70a-4d72-9ea1-a7883583dc93", "object_repr": "debit_account_current - ApprovePaymentTransaction  ApprovePaymentTransaction - Active  ", "action_flag": 1, "change_message": "[{\"added\": {}}]"}}, {"model": "admin.logentry", "pk": 39, "fields": {"action_time": "2025-08-10T15:05:25.104Z", "user": "ab8ff76f-bd50-470e-853b-e2e8c9a0d177", "content_type": 20, "object_id": "7d6b42c6-8b50-459e-99af-7cbb770ec277", "object_repr": "debit_account_reserved - ApprovePaymentTransaction  ApprovePaymentTransaction - Active  ", "action_flag": 1, "change_message": "[{\"added\": {}}]"}}, {"model": "admin.logentry", "pk": 40, "fields": {"action_time": "2025-08-10T15:05:44.772Z", "user": "ab8ff76f-bd50-470e-853b-e2e8c9a0d177", "content_type": 20, "object_id": "47803451-21a2-4cf9-8c66-1f0141355495", "object_repr": "debit_account_reserved - RejectPaymentTransaction  RejectPaymentTransaction - Active  ", "action_flag": 1, "change_message": "[{\"added\": {}}]"}}, {"model": "admin.logentry", "pk": 41, "fields": {"action_time": "2025-08-10T15:06:01.439Z", "user": "ab8ff76f-bd50-470e-853b-e2e8c9a0d177", "content_type": 20, "object_id": "e37651fb-744b-42db-8b9d-e6f71eec67f4", "object_repr": "credit_account_reserved - RejectPaymentTransaction  RejectPaymentTransaction - Active  ", "action_flag": 1, "change_message": "[{\"added\": {}}]"}}, {"model": "admin.logentry", "pk": 42, "fields": {"action_time": "2025-08-10T15:06:21.447Z", "user": "ab8ff76f-bd50-470e-853b-e2e8c9a0d177", "content_type": 19, "object_id": "6bbbf65e-4679-4def-a75c-99c22b2d9d0c", "object_repr": "Pending ", "action_flag": 1, "change_message": "[{\"added\": {}}]"}}, {"model": "admin.logentry", "pk": 43, "fields": {"action_time": "2025-08-10T15:06:26.592Z", "user": "ab8ff76f-bd50-470e-853b-e2e8c9a0d177", "content_type": 19, "object_id": "ade1ad52-94d8-4aeb-b6e8-205843f9ddb8", "object_repr": "Failed ", "action_flag": 1, "change_message": "[{\"added\": {}}]"}}, {"model": "admin.logentry", "pk": 44, "fields": {"action_time": "2025-08-10T15:06:34.369Z", "user": "ab8ff76f-bd50-470e-853b-e2e8c9a0d177", "content_type": 19, "object_id": "93671591-83d2-4551-a1f9-d03b5459476e", "object_repr": "Completed ", "action_flag": 1, "change_message": "[{\"added\": {}}]"}}, {"model": "admin.logentry", "pk": 45, "fields": {"action_time": "2025-08-10T15:06:51.099Z", "user": "ab8ff76f-bd50-470e-853b-e2e8c9a0d177", "content_type": 19, "object_id": "91ad2957-0994-4eb7-b23e-6567ce70733e", "object_repr": "Disabled ", "action_flag": 1, "change_message": "[{\"added\": {}}]"}}, {"model": "admin.logentry", "pk": 46, "fields": {"action_time": "2025-08-10T15:15:15.198Z", "user": "ab8ff76f-bd50-470e-853b-e2e8c9a0d177", "content_type": 16, "object_id": "441ba2a6-8884-4309-be92-b45400ccea1c", "object_repr": "InitiateTopUp", "action_flag": 2, "change_message": "[{\"changed\": {\"fields\": [\"Name\", \"Description\"]}}]"}}, {"model": "admin.logentry", "pk": 47, "fields": {"action_time": "2025-08-10T15:17:07.120Z", "user": "ab8ff76f-bd50-470e-853b-e2e8c9a0d177", "content_type": 20, "object_id": "806ac9e7-b19a-4095-93b9-da74d4543452", "object_repr": "credit_account_uncleared - InitiateTopup  InitiateTopup - Active  ", "action_flag": 2, "change_message": "[{\"changed\": {\"fields\": [\"Name\", \"Description\"]}}]"}}, {"model": "admin.logentry", "pk": 48, "fields": {"action_time": "2025-08-10T15:17:34.556Z", "user": "ab8ff76f-bd50-470e-853b-e2e8c9a0d177", "content_type": 20, "object_id": "806ac9e7-b19a-4095-93b9-da74d4543452", "object_repr": "credit_account_reserved - InitiatePayment  InitiatePayment - Active  ", "action_flag": 2, "change_message": "[{\"changed\": {\"fields\": [\"Name\", \"Description\", \"Rule profile\"]}}]"}}, {"model": "admin.logentry", "pk": 49, "fields": {"action_time": "2025-08-10T15:24:26.368Z", "user": "ab8ff76f-bd50-470e-853b-e2e8c9a0d177", "content_type": 20, "object_id": "3be8a896-b63b-44ea-a511-742051797b52", "object_repr": "credit_account_uncleared - InitiateTopup  InitiateTopup - Active  ", "action_flag": 2, "change_message": "[]"}}, {"model": "auth.permission", "pk": 1, "fields": {"name": "Can add log entry", "content_type": 1, "codename": "add_logentry"}}, {"model": "auth.permission", "pk": 2, "fields": {"name": "Can change log entry", "content_type": 1, "codename": "change_logentry"}}, {"model": "auth.permission", "pk": 3, "fields": {"name": "Can delete log entry", "content_type": 1, "codename": "delete_logentry"}}, {"model": "auth.permission", "pk": 4, "fields": {"name": "Can view log entry", "content_type": 1, "codename": "view_logentry"}}, {"model": "auth.permission", "pk": 5, "fields": {"name": "Can add permission", "content_type": 2, "codename": "add_permission"}}, {"model": "auth.permission", "pk": 6, "fields": {"name": "Can change permission", "content_type": 2, "codename": "change_permission"}}, {"model": "auth.permission", "pk": 7, "fields": {"name": "Can delete permission", "content_type": 2, "codename": "delete_permission"}}, {"model": "auth.permission", "pk": 8, "fields": {"name": "Can view permission", "content_type": 2, "codename": "view_permission"}}, {"model": "auth.permission", "pk": 9, "fields": {"name": "Can add group", "content_type": 3, "codename": "add_group"}}, {"model": "auth.permission", "pk": 10, "fields": {"name": "Can change group", "content_type": 3, "codename": "change_group"}}, {"model": "auth.permission", "pk": 11, "fields": {"name": "Can delete group", "content_type": 3, "codename": "delete_group"}}, {"model": "auth.permission", "pk": 12, "fields": {"name": "Can view group", "content_type": 3, "codename": "view_group"}}, {"model": "auth.permission", "pk": 13, "fields": {"name": "Can add content type", "content_type": 4, "codename": "add_contenttype"}}, {"model": "auth.permission", "pk": 14, "fields": {"name": "Can change content type", "content_type": 4, "codename": "change_contenttype"}}, {"model": "auth.permission", "pk": 15, "fields": {"name": "Can delete content type", "content_type": 4, "codename": "delete_contenttype"}}, {"model": "auth.permission", "pk": 16, "fields": {"name": "Can view content type", "content_type": 4, "codename": "view_contenttype"}}, {"model": "auth.permission", "pk": 17, "fields": {"name": "Can add session", "content_type": 5, "codename": "add_session"}}, {"model": "auth.permission", "pk": 18, "fields": {"name": "Can change session", "content_type": 5, "codename": "change_session"}}, {"model": "auth.permission", "pk": 19, "fields": {"name": "Can delete session", "content_type": 5, "codename": "delete_session"}}, {"model": "auth.permission", "pk": 20, "fields": {"name": "Can view session", "content_type": 5, "codename": "view_session"}}, {"model": "auth.permission", "pk": 21, "fields": {"name": "Can add crontab", "content_type": 6, "codename": "add_crontabschedule"}}, {"model": "auth.permission", "pk": 22, "fields": {"name": "Can change crontab", "content_type": 6, "codename": "change_crontabschedule"}}, {"model": "auth.permission", "pk": 23, "fields": {"name": "Can delete crontab", "content_type": 6, "codename": "delete_crontabschedule"}}, {"model": "auth.permission", "pk": 24, "fields": {"name": "Can view crontab", "content_type": 6, "codename": "view_crontabschedule"}}, {"model": "auth.permission", "pk": 25, "fields": {"name": "Can add interval", "content_type": 7, "codename": "add_intervalschedule"}}, {"model": "auth.permission", "pk": 26, "fields": {"name": "Can change interval", "content_type": 7, "codename": "change_intervalschedule"}}, {"model": "auth.permission", "pk": 27, "fields": {"name": "Can delete interval", "content_type": 7, "codename": "delete_intervalschedule"}}, {"model": "auth.permission", "pk": 28, "fields": {"name": "Can view interval", "content_type": 7, "codename": "view_intervalschedule"}}, {"model": "auth.permission", "pk": 29, "fields": {"name": "Can add periodic task", "content_type": 8, "codename": "add_periodictask"}}, {"model": "auth.permission", "pk": 30, "fields": {"name": "Can change periodic task", "content_type": 8, "codename": "change_periodictask"}}, {"model": "auth.permission", "pk": 31, "fields": {"name": "Can delete periodic task", "content_type": 8, "codename": "delete_periodictask"}}, {"model": "auth.permission", "pk": 32, "fields": {"name": "Can view periodic task", "content_type": 8, "codename": "view_periodictask"}}, {"model": "auth.permission", "pk": 33, "fields": {"name": "Can add periodic task track", "content_type": 9, "codename": "add_periodictasks"}}, {"model": "auth.permission", "pk": 34, "fields": {"name": "Can change periodic task track", "content_type": 9, "codename": "change_periodictasks"}}, {"model": "auth.permission", "pk": 35, "fields": {"name": "Can delete periodic task track", "content_type": 9, "codename": "delete_periodictasks"}}, {"model": "auth.permission", "pk": 36, "fields": {"name": "Can view periodic task track", "content_type": 9, "codename": "view_periodictasks"}}, {"model": "auth.permission", "pk": 37, "fields": {"name": "Can add solar event", "content_type": 10, "codename": "add_solarschedule"}}, {"model": "auth.permission", "pk": 38, "fields": {"name": "Can change solar event", "content_type": 10, "codename": "change_solarschedule"}}, {"model": "auth.permission", "pk": 39, "fields": {"name": "Can delete solar event", "content_type": 10, "codename": "delete_solarschedule"}}, {"model": "auth.permission", "pk": 40, "fields": {"name": "Can view solar event", "content_type": 10, "codename": "view_solarschedule"}}, {"model": "auth.permission", "pk": 41, "fields": {"name": "Can add clocked", "content_type": 11, "codename": "add_clockedschedule"}}, {"model": "auth.permission", "pk": 42, "fields": {"name": "Can change clocked", "content_type": 11, "codename": "change_clockedschedule"}}, {"model": "auth.permission", "pk": 43, "fields": {"name": "Can delete clocked", "content_type": 11, "codename": "delete_clockedschedule"}}, {"model": "auth.permission", "pk": 44, "fields": {"name": "Can view clocked", "content_type": 11, "codename": "view_clockedschedule"}}, {"model": "auth.permission", "pk": 45, "fields": {"name": "Can add audit log", "content_type": 12, "codename": "add_auditlog"}}, {"model": "auth.permission", "pk": 46, "fields": {"name": "Can change audit log", "content_type": 12, "codename": "change_auditlog"}}, {"model": "auth.permission", "pk": 47, "fields": {"name": "Can delete audit log", "content_type": 12, "codename": "delete_auditlog"}}, {"model": "auth.permission", "pk": 48, "fields": {"name": "Can view audit log", "content_type": 12, "codename": "view_auditlog"}}, {"model": "auth.permission", "pk": 49, "fields": {"name": "Can add login log", "content_type": 13, "codename": "add_loginlog"}}, {"model": "auth.permission", "pk": 50, "fields": {"name": "Can change login log", "content_type": 13, "codename": "change_loginlog"}}, {"model": "auth.permission", "pk": 51, "fields": {"name": "Can delete login log", "content_type": 13, "codename": "delete_loginlog"}}, {"model": "auth.permission", "pk": 52, "fields": {"name": "Can view login log", "content_type": 13, "codename": "view_loginlog"}}, {"model": "auth.permission", "pk": 53, "fields": {"name": "Can add identity", "content_type": 14, "codename": "add_identity"}}, {"model": "auth.permission", "pk": 54, "fields": {"name": "Can change identity", "content_type": 14, "codename": "change_identity"}}, {"model": "auth.permission", "pk": 55, "fields": {"name": "Can delete identity", "content_type": 14, "codename": "delete_identity"}}, {"model": "auth.permission", "pk": 56, "fields": {"name": "Can view identity", "content_type": 14, "codename": "view_identity"}}, {"model": "auth.permission", "pk": 57, "fields": {"name": "Can add Execution Profile", "content_type": 15, "codename": "add_executionprofile"}}, {"model": "auth.permission", "pk": 58, "fields": {"name": "Can change Execution Profile", "content_type": 15, "codename": "change_executionprofile"}}, {"model": "auth.permission", "pk": 59, "fields": {"name": "Can delete Execution Profile", "content_type": 15, "codename": "delete_executionprofile"}}, {"model": "auth.permission", "pk": 60, "fields": {"name": "Can view Execution Profile", "content_type": 15, "codename": "view_executionprofile"}}, {"model": "auth.permission", "pk": 61, "fields": {"name": "Can add Balance Entry Type", "content_type": 16, "codename": "add_balanceentrytype"}}, {"model": "auth.permission", "pk": 62, "fields": {"name": "Can change Balance Entry Type", "content_type": 16, "codename": "change_balanceentrytype"}}, {"model": "auth.permission", "pk": 63, "fields": {"name": "Can delete Balance Entry Type", "content_type": 16, "codename": "delete_balanceentrytype"}}, {"model": "auth.permission", "pk": 64, "fields": {"name": "Can view Balance Entry Type", "content_type": 16, "codename": "view_balanceentrytype"}}, {"model": "auth.permission", "pk": 65, "fields": {"name": "Can add Entry Type", "content_type": 17, "codename": "add_entrytype"}}, {"model": "auth.permission", "pk": 66, "fields": {"name": "Can change Entry Type", "content_type": 17, "codename": "change_entrytype"}}, {"model": "auth.permission", "pk": 67, "fields": {"name": "Can delete Entry Type", "content_type": 17, "codename": "delete_entrytype"}}, {"model": "auth.permission", "pk": 68, "fields": {"name": "Can view Entry Type", "content_type": 17, "codename": "view_entrytype"}}, {"model": "auth.permission", "pk": 69, "fields": {"name": "Can add Rule Profile", "content_type": 18, "codename": "add_ruleprofile"}}, {"model": "auth.permission", "pk": 70, "fields": {"name": "Can change Rule Profile", "content_type": 18, "codename": "change_ruleprofile"}}, {"model": "auth.permission", "pk": 71, "fields": {"name": "Can delete Rule Profile", "content_type": 18, "codename": "delete_ruleprofile"}}, {"model": "auth.permission", "pk": 72, "fields": {"name": "Can view Rule Profile", "content_type": 18, "codename": "view_ruleprofile"}}, {"model": "auth.permission", "pk": 73, "fields": {"name": "Can add state", "content_type": 19, "codename": "add_state"}}, {"model": "auth.permission", "pk": 74, "fields": {"name": "Can change state", "content_type": 19, "codename": "change_state"}}, {"model": "auth.permission", "pk": 75, "fields": {"name": "Can delete state", "content_type": 19, "codename": "delete_state"}}, {"model": "auth.permission", "pk": 76, "fields": {"name": "Can view state", "content_type": 19, "codename": "view_state"}}, {"model": "auth.permission", "pk": 77, "fields": {"name": "Can add Rule Profile Command", "content_type": 20, "codename": "add_ruleprofilecommand"}}, {"model": "auth.permission", "pk": 78, "fields": {"name": "Can change Rule Profile Command", "content_type": 20, "codename": "change_ruleprofilecommand"}}, {"model": "auth.permission", "pk": 79, "fields": {"name": "Can delete Rule Profile Command", "content_type": 20, "codename": "delete_ruleprofilecommand"}}, {"model": "auth.permission", "pk": 80, "fields": {"name": "Can view Rule Profile Command", "content_type": 20, "codename": "view_ruleprofilecommand"}}, {"model": "auth.permission", "pk": 81, "fields": {"name": "Can add payment method", "content_type": 21, "codename": "add_paymentmethod"}}, {"model": "auth.permission", "pk": 82, "fields": {"name": "Can change payment method", "content_type": 21, "codename": "change_paymentmethod"}}, {"model": "auth.permission", "pk": 83, "fields": {"name": "Can delete payment method", "content_type": 21, "codename": "delete_paymentmethod"}}, {"model": "auth.permission", "pk": 84, "fields": {"name": "Can view payment method", "content_type": 21, "codename": "view_paymentmethod"}}, {"model": "auth.permission", "pk": 85, "fields": {"name": "Can add account field type", "content_type": 22, "codename": "add_accountfieldtype"}}, {"model": "auth.permission", "pk": 86, "fields": {"name": "Can change account field type", "content_type": 22, "codename": "change_accountfieldtype"}}, {"model": "auth.permission", "pk": 87, "fields": {"name": "Can delete account field type", "content_type": 22, "codename": "delete_accountfieldtype"}}, {"model": "auth.permission", "pk": 88, "fields": {"name": "Can view account field type", "content_type": 22, "codename": "view_accountfieldtype"}}, {"model": "auth.permission", "pk": 89, "fields": {"name": "Can add contribution", "content_type": 23, "codename": "add_contribution"}}, {"model": "auth.permission", "pk": 90, "fields": {"name": "Can change contribution", "content_type": 23, "codename": "change_contribution"}}, {"model": "auth.permission", "pk": 91, "fields": {"name": "Can delete contribution", "content_type": 23, "codename": "delete_contribution"}}, {"model": "auth.permission", "pk": 92, "fields": {"name": "Can view contribution", "content_type": 23, "codename": "view_contribution"}}, {"model": "auth.permission", "pk": 93, "fields": {"name": "Can add notification", "content_type": 24, "codename": "add_notification"}}, {"model": "auth.permission", "pk": 94, "fields": {"name": "Can change notification", "content_type": 24, "codename": "change_notification"}}, {"model": "auth.permission", "pk": 95, "fields": {"name": "Can delete notification", "content_type": 24, "codename": "delete_notification"}}, {"model": "auth.permission", "pk": 96, "fields": {"name": "Can view notification", "content_type": 24, "codename": "view_notification"}}, {"model": "auth.permission", "pk": 97, "fields": {"name": "Can add otp", "content_type": 25, "codename": "add_otp"}}, {"model": "auth.permission", "pk": 98, "fields": {"name": "Can change otp", "content_type": 25, "codename": "change_otp"}}, {"model": "auth.permission", "pk": 99, "fields": {"name": "Can delete otp", "content_type": 25, "codename": "delete_otp"}}, {"model": "auth.permission", "pk": 100, "fields": {"name": "Can view otp", "content_type": 25, "codename": "view_otp"}}, {"model": "auth.permission", "pk": 101, "fields": {"name": "Can add permission", "content_type": 26, "codename": "add_permission"}}, {"model": "auth.permission", "pk": 102, "fields": {"name": "Can change permission", "content_type": 26, "codename": "change_permission"}}, {"model": "auth.permission", "pk": 103, "fields": {"name": "Can delete permission", "content_type": 26, "codename": "delete_permission"}}, {"model": "auth.permission", "pk": 104, "fields": {"name": "Can view permission", "content_type": 26, "codename": "view_permission"}}, {"model": "auth.permission", "pk": 105, "fields": {"name": "Can add role", "content_type": 27, "codename": "add_role"}}, {"model": "auth.permission", "pk": 106, "fields": {"name": "Can change role", "content_type": 27, "codename": "change_role"}}, {"model": "auth.permission", "pk": 107, "fields": {"name": "Can delete role", "content_type": 27, "codename": "delete_role"}}, {"model": "auth.permission", "pk": 108, "fields": {"name": "Can view role", "content_type": 27, "codename": "view_role"}}, {"model": "auth.permission", "pk": 109, "fields": {"name": "Can add user", "content_type": 28, "codename": "add_user"}}, {"model": "auth.permission", "pk": 110, "fields": {"name": "Can change user", "content_type": 28, "codename": "change_user"}}, {"model": "auth.permission", "pk": 111, "fields": {"name": "Can delete user", "content_type": 28, "codename": "delete_user"}}, {"model": "auth.permission", "pk": 112, "fields": {"name": "Can view user", "content_type": 28, "codename": "view_user"}}, {"model": "auth.permission", "pk": 113, "fields": {"name": "Can add role permission", "content_type": 29, "codename": "add_rolepermission"}}, {"model": "auth.permission", "pk": 114, "fields": {"name": "Can change role permission", "content_type": 29, "codename": "change_rolepermission"}}, {"model": "auth.permission", "pk": 115, "fields": {"name": "Can delete role permission", "content_type": 29, "codename": "delete_rolepermission"}}, {"model": "auth.permission", "pk": 116, "fields": {"name": "Can view role permission", "content_type": 29, "codename": "view_rolepermission"}}, {"model": "auth.permission", "pk": 117, "fields": {"name": "Can add device", "content_type": 30, "codename": "add_device"}}, {"model": "auth.permission", "pk": 118, "fields": {"name": "Can change device", "content_type": 30, "codename": "change_device"}}, {"model": "auth.permission", "pk": 119, "fields": {"name": "Can delete device", "content_type": 30, "codename": "delete_device"}}, {"model": "auth.permission", "pk": 120, "fields": {"name": "Can view device", "content_type": 30, "codename": "view_device"}}, {"model": "auth.permission", "pk": 121, "fields": {"name": "Can add extended permission", "content_type": 31, "codename": "add_extendedpermission"}}, {"model": "auth.permission", "pk": 122, "fields": {"name": "Can change extended permission", "content_type": 31, "codename": "change_extendedpermission"}}, {"model": "auth.permission", "pk": 123, "fields": {"name": "Can delete extended permission", "content_type": 31, "codename": "delete_extendedpermission"}}, {"model": "auth.permission", "pk": 124, "fields": {"name": "Can view extended permission", "content_type": 31, "codename": "view_extendedpermission"}}, {"model": "auth.permission", "pk": 125, "fields": {"name": "Can add Balance Log", "content_type": 32, "codename": "add_balancelog"}}, {"model": "auth.permission", "pk": 126, "fields": {"name": "Can change Balance Log", "content_type": 32, "codename": "change_balancelog"}}, {"model": "auth.permission", "pk": 127, "fields": {"name": "Can delete Balance Log", "content_type": 32, "codename": "delete_balancelog"}}, {"model": "auth.permission", "pk": 128, "fields": {"name": "Can view Balance Log", "content_type": 32, "codename": "view_balancelog"}}, {"model": "auth.permission", "pk": 129, "fields": {"name": "Can add Balance Log Entry", "content_type": 33, "codename": "add_balancelogentry"}}, {"model": "auth.permission", "pk": 130, "fields": {"name": "Can change Balance Log Entry", "content_type": 33, "codename": "change_balancelogentry"}}, {"model": "auth.permission", "pk": 131, "fields": {"name": "Can delete Balance Log Entry", "content_type": 33, "codename": "delete_balancelogentry"}}, {"model": "auth.permission", "pk": 132, "fields": {"name": "Can view Balance Log Entry", "content_type": 33, "codename": "view_balancelogentry"}}, {"model": "auth.permission", "pk": 133, "fields": {"name": "Can add Wallet Account", "content_type": 34, "codename": "add_walletaccount"}}, {"model": "auth.permission", "pk": 134, "fields": {"name": "Can change Wallet Account", "content_type": 34, "codename": "change_walletaccount"}}, {"model": "auth.permission", "pk": 135, "fields": {"name": "Can delete Wallet Account", "content_type": 34, "codename": "delete_walletaccount"}}, {"model": "auth.permission", "pk": 136, "fields": {"name": "Can view Wallet Account", "content_type": 34, "codename": "view_walletaccount"}}, {"model": "auth.permission", "pk": 137, "fields": {"name": "Can add Wallet Transaction", "content_type": 35, "codename": "add_wallettransaction"}}, {"model": "auth.permission", "pk": 138, "fields": {"name": "Can change Wallet Transaction", "content_type": 35, "codename": "change_wallettransaction"}}, {"model": "auth.permission", "pk": 139, "fields": {"name": "Can delete Wallet Transaction", "content_type": 35, "codename": "delete_wallettransaction"}}, {"model": "auth.permission", "pk": 140, "fields": {"name": "Can view Wallet Transaction", "content_type": 35, "codename": "view_wallettransaction"}}, {"model": "auth.permission", "pk": 141, "fields": {"name": "Can add Workflow Action Log", "content_type": 36, "codename": "add_workflowactionlog"}}, {"model": "auth.permission", "pk": 142, "fields": {"name": "Can change Workflow Action Log", "content_type": 36, "codename": "change_workflowactionlog"}}, {"model": "auth.permission", "pk": 143, "fields": {"name": "Can delete Workflow Action Log", "content_type": 36, "codename": "delete_workflowactionlog"}}, {"model": "auth.permission", "pk": 144, "fields": {"name": "Can view Workflow Action Log", "content_type": 36, "codename": "view_workflowactionlog"}}, {"model": "contenttypes.contenttype", "pk": 1, "fields": {"app_label": "admin", "model": "logentry"}}, {"model": "contenttypes.contenttype", "pk": 2, "fields": {"app_label": "auth", "model": "permission"}}, {"model": "contenttypes.contenttype", "pk": 3, "fields": {"app_label": "auth", "model": "group"}}, {"model": "contenttypes.contenttype", "pk": 4, "fields": {"app_label": "contenttypes", "model": "contenttype"}}, {"model": "contenttypes.contenttype", "pk": 5, "fields": {"app_label": "sessions", "model": "session"}}, {"model": "contenttypes.contenttype", "pk": 6, "fields": {"app_label": "django_celery_beat", "model": "crontabschedule"}}, {"model": "contenttypes.contenttype", "pk": 7, "fields": {"app_label": "django_celery_beat", "model": "intervalschedule"}}, {"model": "contenttypes.contenttype", "pk": 8, "fields": {"app_label": "django_celery_beat", "model": "periodictask"}}, {"model": "contenttypes.contenttype", "pk": 9, "fields": {"app_label": "django_celery_beat", "model": "periodictasks"}}, {"model": "contenttypes.contenttype", "pk": 10, "fields": {"app_label": "django_celery_beat", "model": "solarschedule"}}, {"model": "contenttypes.contenttype", "pk": 11, "fields": {"app_label": "django_celery_beat", "model": "clockedschedule"}}, {"model": "contenttypes.contenttype", "pk": 12, "fields": {"app_label": "audit", "model": "auditlog"}}, {"model": "contenttypes.contenttype", "pk": 13, "fields": {"app_label": "authentication", "model": "loginlog"}}, {"model": "contenttypes.contenttype", "pk": 14, "fields": {"app_label": "authentication", "model": "identity"}}, {"model": "contenttypes.contenttype", "pk": 15, "fields": {"app_label": "base", "model": "executionprofile"}}, {"model": "contenttypes.contenttype", "pk": 16, "fields": {"app_label": "base", "model": "balanceentrytype"}}, {"model": "contenttypes.contenttype", "pk": 17, "fields": {"app_label": "base", "model": "entrytype"}}, {"model": "contenttypes.contenttype", "pk": 18, "fields": {"app_label": "base", "model": "ruleprofile"}}, {"model": "contenttypes.contenttype", "pk": 19, "fields": {"app_label": "base", "model": "state"}}, {"model": "contenttypes.contenttype", "pk": 20, "fields": {"app_label": "base", "model": "ruleprofilecommand"}}, {"model": "contenttypes.contenttype", "pk": 21, "fields": {"app_label": "base", "model": "paymentmethod"}}, {"model": "contenttypes.contenttype", "pk": 22, "fields": {"app_label": "base", "model": "accountfieldtype"}}, {"model": "contenttypes.contenttype", "pk": 23, "fields": {"app_label": "contributions", "model": "contribution"}}, {"model": "contenttypes.contenttype", "pk": 24, "fields": {"app_label": "notifications", "model": "notification"}}, {"model": "contenttypes.contenttype", "pk": 25, "fields": {"app_label": "otps", "model": "otp"}}, {"model": "contenttypes.contenttype", "pk": 26, "fields": {"app_label": "users", "model": "permission"}}, {"model": "contenttypes.contenttype", "pk": 27, "fields": {"app_label": "users", "model": "role"}}, {"model": "contenttypes.contenttype", "pk": 28, "fields": {"app_label": "users", "model": "user"}}, {"model": "contenttypes.contenttype", "pk": 29, "fields": {"app_label": "users", "model": "rolepermission"}}, {"model": "contenttypes.contenttype", "pk": 30, "fields": {"app_label": "users", "model": "device"}}, {"model": "contenttypes.contenttype", "pk": 31, "fields": {"app_label": "users", "model": "extendedpermission"}}, {"model": "contenttypes.contenttype", "pk": 32, "fields": {"app_label": "billing", "model": "balancelog"}}, {"model": "contenttypes.contenttype", "pk": 33, "fields": {"app_label": "billing", "model": "balancelogentry"}}, {"model": "contenttypes.contenttype", "pk": 34, "fields": {"app_label": "billing", "model": "walletaccount"}}, {"model": "contenttypes.contenttype", "pk": 35, "fields": {"app_label": "billing", "model": "wallettransaction"}}, {"model": "contenttypes.contenttype", "pk": 36, "fields": {"app_label": "billing", "model": "workflowactionlog"}}, {"model": "sessions.session", "pk": "muaz79w12cxaabqnp2vhpt06u09zet2o", "fields": {"session_data": ".eJxVzDsOwjAQRdG9uCaWPf6Gkp41RDOeMQmgRMqnQuwdIqWA-t3zXqrDbe27bZG5G1idFVKuNcXaEAfT-GSkycFRIyC5tGjYpqROv4ywPGTcLd9xvE26TOM6D6T3RB_roq8Ty_NytH8HPS79V2fno4VCBBFsZiAJXJ1UFgtOPLRGfAmUcxSDaKHlSMmxh1DQsrPq_QFBPUGY:1ul7O0:ZidVcrm7mSnNHvM-h8oMQhh1Q5RoiiydPepnF-4Bs_Y", "expire_date": "2025-08-24T14:51:00.258Z"}}, {"model": "base.state", "pk": "0b15aa30-ce60-4f07-bea6-ff8404f4d499", "fields": {"date_modified": "2025-08-10T14:55:42.557Z", "date_created": "2025-08-10T14:55:42.557Z", "synced": false, "name": "Active", "description": "Active"}}, {"model": "base.state", "pk": "6bbbf65e-4679-4def-a75c-99c22b2d9d0c", "fields": {"date_modified": "2025-08-10T15:06:21.446Z", "date_created": "2025-08-10T15:06:21.446Z", "synced": false, "name": "Pending", "description": "Pending"}}, {"model": "base.state", "pk": "91ad2957-0994-4eb7-b23e-6567ce70733e", "fields": {"date_modified": "2025-08-10T15:06:51.096Z", "date_created": "2025-08-10T15:06:51.096Z", "synced": false, "name": "Disabled", "description": "Disabled"}}, {"model": "base.state", "pk": "93671591-83d2-4551-a1f9-d03b5459476e", "fields": {"date_modified": "2025-08-10T15:06:34.368Z", "date_created": "2025-08-10T15:06:34.368Z", "synced": false, "name": "Completed", "description": "Completed"}}, {"model": "base.state", "pk": "ade1ad52-94d8-4aeb-b6e8-205843f9ddb8", "fields": {"date_modified": "2025-08-10T15:06:26.591Z", "date_created": "2025-08-10T15:06:26.591Z", "synced": false, "name": "Failed", "description": "Failed"}}, {"model": "base.balanceentrytype", "pk": "212ce89a-b981-4374-8366-3b56ca24f33f", "fields": {"date_modified": "2025-08-10T14:58:38.537Z", "date_created": "2025-08-10T14:58:38.537Z", "synced": false, "name": "RejectTopupTransaction", "description": "RejectTopupTransaction", "state": "0b15aa30-ce60-4f07-bea6-ff8404f4d499"}}, {"model": "base.balanceentrytype", "pk": "224f1124-e591-4021-b628-e1e5037abb21", "fields": {"date_modified": "2025-08-10T14:57:46.673Z", "date_created": "2025-08-10T14:57:46.673Z", "synced": false, "name": "InitiatePayment", "description": "InitiatePayment", "state": "0b15aa30-ce60-4f07-bea6-ff8404f4d499"}}, {"model": "base.balanceentrytype", "pk": "42bff756-a470-467c-8d48-1c8ebd4cecb7", "fields": {"date_modified": "2025-08-10T14:58:29.083Z", "date_created": "2025-08-10T14:58:29.083Z", "synced": false, "name": "ApproveTopupTransaction", "description": "ApproveTopupTransaction", "state": "0b15aa30-ce60-4f07-bea6-ff8404f4d499"}}, {"model": "base.balanceentrytype", "pk": "441ba2a6-8884-4309-be92-b45400ccea1c", "fields": {"date_modified": "2025-08-10T15:15:15.195Z", "date_created": "2025-08-10T14:58:19.884Z", "synced": false, "name": "InitiateTopUp", "description": "InitiateTopUp", "state": "0b15aa30-ce60-4f07-bea6-ff8404f4d499"}}, {"model": "base.balanceentrytype", "pk": "4ce7efd5-f72b-4876-889d-fb8b34c2b83d", "fields": {"date_modified": "2025-08-10T14:58:06.897Z", "date_created": "2025-08-10T14:58:06.897Z", "synced": false, "name": "RejectPaymentTransaction", "description": "RejectPaymentTransaction", "state": "0b15aa30-ce60-4f07-bea6-ff8404f4d499"}}, {"model": "base.balanceentrytype", "pk": "6ea20ebe-324e-4eaf-afb0-72341f319413", "fields": {"date_modified": "2025-08-10T14:57:54.520Z", "date_created": "2025-08-10T14:57:54.520Z", "synced": false, "name": "ApprovePaymentTransaction", "description": "ApprovePaymentTransaction", "state": "0b15aa30-ce60-4f07-bea6-ff8404f4d499"}}, {"model": "base.executionprofile", "pk": "0bd763e8-5ce9-4147-9600-a062c2ed8558", "fields": {"date_modified": "2025-08-10T15:00:08.219Z", "date_created": "2025-08-10T15:00:08.219Z", "synced": false, "name": "InitiatePayment", "description": "InitiatePayment", "state": "0b15aa30-ce60-4f07-bea6-ff8404f4d499"}}, {"model": "base.executionprofile", "pk": "233d1e26-c9dd-469c-a0ba-646147b2189e", "fields": {"date_modified": "2025-08-10T15:00:28.862Z", "date_created": "2025-08-10T15:00:28.862Z", "synced": false, "name": "RejectPaymentTransaction", "description": "RejectPaymentTransaction", "state": "0b15aa30-ce60-4f07-bea6-ff8404f4d499"}}, {"model": "base.executionprofile", "pk": "4a841e0d-9be4-4bc1-9cbc-7d4bcf670105", "fields": {"date_modified": "2025-08-10T14:59:58.477Z", "date_created": "2025-08-10T14:59:58.477Z", "synced": false, "name": "RejectTopupTransaction", "description": "RejectTopupTransaction", "state": "0b15aa30-ce60-4f07-bea6-ff8404f4d499"}}, {"model": "base.executionprofile", "pk": "9143c88c-1ed8-4895-928a-4a466c6a42f5", "fields": {"date_modified": "2025-08-10T14:59:48.372Z", "date_created": "2025-08-10T14:59:48.372Z", "synced": false, "name": "ApproveTopupTransaction", "description": "ApproveTopupTransaction", "state": "0b15aa30-ce60-4f07-bea6-ff8404f4d499"}}, {"model": "base.executionprofile", "pk": "b4d9c453-2034-4862-a0a0-c2878a55379a", "fields": {"date_modified": "2025-08-10T15:00:17.782Z", "date_created": "2025-08-10T15:00:17.782Z", "synced": false, "name": "ApprovePaymentTransaction", "description": "ApprovePaymentTransaction", "state": "0b15aa30-ce60-4f07-bea6-ff8404f4d499"}}, {"model": "base.executionprofile", "pk": "e24f156b-de9b-4c9d-9451-27a8bd0968ba", "fields": {"date_modified": "2025-08-10T14:59:40.273Z", "date_created": "2025-08-10T14:59:40.273Z", "synced": false, "name": "InitiateTopup", "description": "InitiateTopup", "state": "0b15aa30-ce60-4f07-bea6-ff8404f4d499"}}, {"model": "base.ruleprofile", "pk": "35ef78eb-c21a-4603-8ec2-18406bb9e597", "fields": {"date_modified": "2025-08-10T15:01:51.767Z", "date_created": "2025-08-10T15:01:51.767Z", "synced": false, "name": "RejectTopupTransaction", "description": "RejectTopupTransaction", "execution_profile": "4a841e0d-9be4-4bc1-9cbc-7d4bcf670105", "order": 1, "sleep_seconds": 0, "state": "0b15aa30-ce60-4f07-bea6-ff8404f4d499"}}, {"model": "base.ruleprofile", "pk": "6a2debb6-f4b7-45da-a917-97856bf1f506", "fields": {"date_modified": "2025-08-10T15:00:55.393Z", "date_created": "2025-08-10T15:00:55.393Z", "synced": false, "name": "RejectPaymentTransaction", "description": "RejectPaymentTransaction", "execution_profile": "233d1e26-c9dd-469c-a0ba-646147b2189e", "order": 1, "sleep_seconds": 0, "state": "0b15aa30-ce60-4f07-bea6-ff8404f4d499"}}, {"model": "base.ruleprofile", "pk": "8c08c595-bee9-43a4-b7ac-ea0fd5279ebf", "fields": {"date_modified": "2025-08-10T15:02:19.752Z", "date_created": "2025-08-10T15:02:19.752Z", "synced": false, "name": "InitiateTopup", "description": "InitiateTopup", "execution_profile": "e24f156b-de9b-4c9d-9451-27a8bd0968ba", "order": 1, "sleep_seconds": 0, "state": "0b15aa30-ce60-4f07-bea6-ff8404f4d499"}}, {"model": "base.ruleprofile", "pk": "aa0d20ad-7816-4dc7-9516-2090d86b67b9", "fields": {"date_modified": "2025-08-10T15:01:24.113Z", "date_created": "2025-08-10T15:01:24.113Z", "synced": false, "name": "InitiatePayment", "description": "InitiatePayment", "execution_profile": "0bd763e8-5ce9-4147-9600-a062c2ed8558", "order": 1, "sleep_seconds": 0, "state": "0b15aa30-ce60-4f07-bea6-ff8404f4d499"}}, {"model": "base.ruleprofile", "pk": "bcd0c3ea-d4db-440f-b08f-aeb4f5671859", "fields": {"date_modified": "2025-08-10T15:01:09.697Z", "date_created": "2025-08-10T15:01:09.697Z", "synced": false, "name": "ApprovePaymentTransaction", "description": "ApprovePaymentTransaction", "execution_profile": "b4d9c453-2034-4862-a0a0-c2878a55379a", "order": 1, "sleep_seconds": 0, "state": "0b15aa30-ce60-4f07-bea6-ff8404f4d499"}}, {"model": "base.ruleprofile", "pk": "d6db425b-2bda-472d-80fd-a31f4b4370e6", "fields": {"date_modified": "2025-08-10T15:02:04.150Z", "date_created": "2025-08-10T15:02:04.150Z", "synced": false, "name": "ApproveTopupTransaction", "description": "ApproveTopupTransaction", "execution_profile": "9143c88c-1ed8-4895-928a-4a466c6a42f5", "order": 1, "sleep_seconds": 0, "state": "0b15aa30-ce60-4f07-bea6-ff8404f4d499"}}, {"model": "base.ruleprofilecommand", "pk": "10b79760-417c-4a26-9920-a00e496455d2", "fields": {"date_modified": "2025-08-10T15:04:47.845Z", "date_created": "2025-08-10T15:04:47.845Z", "synced": false, "name": "debit_account_available", "description": "debit_account_available", "rule_profile": "aa0d20ad-7816-4dc7-9516-2090d86b67b9", "order": 1, "state": "0b15aa30-ce60-4f07-bea6-ff8404f4d499"}}, {"model": "base.ruleprofilecommand", "pk": "3be8a896-b63b-44ea-a511-742051797b52", "fields": {"date_modified": "2025-08-10T15:24:26.366Z", "date_created": "2025-08-10T15:02:38.965Z", "synced": false, "name": "credit_account_uncleared", "description": "credit_account_uncleared", "rule_profile": "8c08c595-bee9-43a4-b7ac-ea0fd5279ebf", "order": 1, "state": "0b15aa30-ce60-4f07-bea6-ff8404f4d499"}}, {"model": "base.ruleprofilecommand", "pk": "47803451-21a2-4cf9-8c66-1f0141355495", "fields": {"date_modified": "2025-08-10T15:05:44.768Z", "date_created": "2025-08-10T15:05:44.768Z", "synced": false, "name": "debit_account_reserved", "description": "debit_account_reserved", "rule_profile": "6a2debb6-f4b7-45da-a917-97856bf1f506", "order": 1, "state": "0b15aa30-ce60-4f07-bea6-ff8404f4d499"}}, {"model": "base.ruleprofilecommand", "pk": "55ed1107-6f45-4bd1-8d8c-7a98337bdbc3", "fields": {"date_modified": "2025-08-10T15:03:49.061Z", "date_created": "2025-08-10T15:03:49.061Z", "synced": false, "name": "credit_account_available", "description": "credit_account_available", "rule_profile": "d6db425b-2bda-472d-80fd-a31f4b4370e6", "order": 2, "state": "0b15aa30-ce60-4f07-bea6-ff8404f4d499"}}, {"model": "base.ruleprofilecommand", "pk": "75a90b5f-e15e-4237-8c3e-130f97a7c083", "fields": {"date_modified": "2025-08-10T15:03:31.756Z", "date_created": "2025-08-10T15:02:56.198Z", "synced": false, "name": "credit_account_current", "description": "credit_account_current", "rule_profile": "8c08c595-bee9-43a4-b7ac-ea0fd5279ebf", "order": 2, "state": "0b15aa30-ce60-4f07-bea6-ff8404f4d499"}}, {"model": "base.ruleprofilecommand", "pk": "7d6b42c6-8b50-459e-99af-7cbb770ec277", "fields": {"date_modified": "2025-08-10T15:05:25.101Z", "date_created": "2025-08-10T15:05:25.101Z", "synced": false, "name": "debit_account_reserved", "description": "debit_account_reserved", "rule_profile": "bcd0c3ea-d4db-440f-b08f-aeb4f5671859", "order": 2, "state": "0b15aa30-ce60-4f07-bea6-ff8404f4d499"}}, {"model": "base.ruleprofilecommand", "pk": "806ac9e7-b19a-4095-93b9-da74d4543452", "fields": {"date_modified": "2025-08-10T15:17:34.554Z", "date_created": "2025-08-10T15:05:00.079Z", "synced": false, "name": "credit_account_reserved", "description": "credit_account_reserved", "rule_profile": "aa0d20ad-7816-4dc7-9516-2090d86b67b9", "order": 2, "state": "0b15aa30-ce60-4f07-bea6-ff8404f4d499"}}, {"model": "base.ruleprofilecommand", "pk": "ad6dabc3-d70a-4d72-9ea1-a7883583dc93", "fields": {"date_modified": "2025-08-10T15:05:12.948Z", "date_created": "2025-08-10T15:05:12.948Z", "synced": false, "name": "debit_account_current", "description": "debit_account_current", "rule_profile": "bcd0c3ea-d4db-440f-b08f-aeb4f5671859", "order": 1, "state": "0b15aa30-ce60-4f07-bea6-ff8404f4d499"}}, {"model": "base.ruleprofilecommand", "pk": "dc706d8a-b197-43a1-b22c-2af8c4792e20", "fields": {"date_modified": "2025-08-10T15:04:31.105Z", "date_created": "2025-08-10T15:04:31.105Z", "synced": false, "name": "debit_account_uncleared", "description": "debit_account_uncleared", "rule_profile": "35ef78eb-c21a-4603-8ec2-18406bb9e597", "order": 2, "state": "0b15aa30-ce60-4f07-bea6-ff8404f4d499"}}, {"model": "base.ruleprofilecommand", "pk": "e37651fb-744b-42db-8b9d-e6f71eec67f4", "fields": {"date_modified": "2025-08-10T15:06:01.436Z", "date_created": "2025-08-10T15:06:01.436Z", "synced": false, "name": "credit_account_reserved", "description": "credit_account_reserved", "rule_profile": "6a2debb6-f4b7-45da-a917-97856bf1f506", "order": 2, "state": "0b15aa30-ce60-4f07-bea6-ff8404f4d499"}}, {"model": "base.ruleprofilecommand", "pk": "e749d47e-e786-47da-9134-415fcaf061f8", "fields": {"date_modified": "2025-08-10T15:03:25.255Z", "date_created": "2025-08-10T15:03:25.255Z", "synced": false, "name": "debit_account_uncleared", "description": "debit_account_uncleared", "rule_profile": "d6db425b-2bda-472d-80fd-a31f4b4370e6", "order": 1, "state": "0b15aa30-ce60-4f07-bea6-ff8404f4d499"}}, {"model": "base.ruleprofilecommand", "pk": "fc70e5ce-59fa-4bac-9be4-8c05554933b7", "fields": {"date_modified": "2025-08-10T15:04:17.896Z", "date_created": "2025-08-10T15:04:17.896Z", "synced": false, "name": "debit_account_current", "description": "debit_account_current", "rule_profile": "35ef78eb-c21a-4603-8ec2-18406bb9e597", "order": 1, "state": "0b15aa30-ce60-4f07-bea6-ff8404f4d499"}}, {"model": "base.entrytype", "pk": "b1e1ed68-39b6-4f44-b067-3aeb8cac6d57", "fields": {"date_modified": "2025-08-10T14:56:43.151Z", "date_created": "2025-08-10T14:56:43.151Z", "synced": false, "name": "Cr", "description": "Credit", "state": "0b15aa30-ce60-4f07-bea6-ff8404f4d499"}}, {"model": "base.entrytype", "pk": "d1f19114-40e2-4d32-8e45-3b04574fb596", "fields": {"date_modified": "2025-08-10T14:56:55.635Z", "date_created": "2025-08-10T14:56:55.635Z", "synced": false, "name": "Dr", "description": "Debit", "state": "0b15aa30-ce60-4f07-bea6-ff8404f4d499"}}, {"model": "base.accountfieldtype", "pk": "10e68532-24a6-4f12-a14d-af4ef9a7f4e7", "fields": {"date_modified": "2025-08-10T14:55:45.702Z", "date_created": "2025-08-10T14:55:45.703Z", "synced": false, "name": "Available", "description": "Available", "state": "0b15aa30-ce60-4f07-bea6-ff8404f4d499"}}, {"model": "base.accountfieldtype", "pk": "7a3eb2dd-c9ed-486d-a679-3b3b5a097933", "fields": {"date_modified": "2025-08-10T14:56:06.157Z", "date_created": "2025-08-10T14:56:06.157Z", "synced": false, "name": "Reserved", "description": "Reserved", "state": "0b15aa30-ce60-4f07-bea6-ff8404f4d499"}}, {"model": "base.accountfieldtype", "pk": "a4cada88-21c2-4ba2-91ec-9bf9b7d4bf82", "fields": {"date_modified": "2025-08-10T14:55:56.102Z", "date_created": "2025-08-10T14:55:56.102Z", "synced": false, "name": "Current", "description": "Current", "state": "0b15aa30-ce60-4f07-bea6-ff8404f4d499"}}, {"model": "base.accountfieldtype", "pk": "b13cec03-2f73-4b15-a9bd-1af5d4f83599", "fields": {"date_modified": "2025-08-10T14:56:15.698Z", "date_created": "2025-08-10T14:56:15.698Z", "synced": false, "name": "Uncleared", "description": "Uncleared", "state": "0b15aa30-ce60-4f07-bea6-ff8404f4d499"}}, {"model": "base.paymentmethod", "pk": "8bba81b5-bb7b-4020-a023-1f1b51a581ed", "fields": {"date_modified": "2025-08-10T14:59:17.269Z", "date_created": "2025-08-10T14:59:17.269Z", "synced": false, "name": "Bank Payment", "description": "Bank Payment", "state": "0b15aa30-ce60-4f07-bea6-ff8404f4d499"}}, {"model": "base.paymentmethod", "pk": "f794216b-fbb7-464a-b92b-150e214b0f36", "fields": {"date_modified": "2025-08-10T14:59:05.896Z", "date_created": "2025-08-10T14:59:05.896Z", "synced": false, "name": "Mobile Money", "description": "Mobile Money", "state": "0b15aa30-ce60-4f07-bea6-ff8404f4d499"}}, {"model": "contributions.contribution", "pk": "845aa73d-72a1-473e-b278-9af7779b48ca", "fields": {"date_modified": "2025-08-10T14:51:30.594Z", "date_created": "2025-08-10T14:51:30.594Z", "synced": false, "name": "Char", "description": "Char", "creator": "ab8ff76f-bd50-470e-853b-e2e8c9a0d177", "target_amount": "3000.00", "end_date": "2025-08-10T14:51:29Z", "status": "ONGOING"}}, {"model": "users.role", "pk": "5250e3a7-2488-4144-ad44-59191e9d7726", "fields": {"date_modified": "2025-08-10T14:50:39.872Z", "date_created": "2025-08-10T14:50:39.872Z", "synced": false, "name": "ADMIN", "description": null, "is_active": true, "auto_generate_password": false}}, {"model": "users.user", "pk": "ab8ff76f-bd50-470e-853b-e2e8c9a0d177", "fields": {"password": "pbkdf2_sha256$1000000$lDnVrEaj1kfyAQeJn4x8ZU$qlhmefK6pnMe26yiCEC3UyHo3qWFCNqr2NqJ31wzEXE=", "last_login": "2025-08-10T14:51:00.254Z", "is_superuser": true, "username": "root", "first_name": "", "last_name": "", "email": "", "is_staff": true, "is_active": true, "date_joined": "2025-08-10T14:50:39.880Z", "date_modified": "2025-08-10T14:50:40.416Z", "date_created": "2025-08-10T14:50:40.416Z", "synced": false, "id_number": null, "other_name": null, "phone_number": "", "other_phone_number": null, "gender": "OTHER", "dob": null, "role": "5250e3a7-2488-4144-ad44-59191e9d7726", "is_verified": true, "last_activity": null, "groups": [], "user_permissions": []}}, {"model": "billing.workflowactionlog", "pk": "0482858f-475c-46d7-87b1-924727d9dfd3", "fields": {"date_modified": "2025-08-10T15:57:58.142Z", "date_created": "2025-08-10T15:57:58.142Z", "synced": false, "wallet_account": "d07a89de-15bd-4ee8-8e44-ff90be7a2f13", "parent_transaction": "920566a4-6e64-4200-b45e-515fd26f2c2e", "action_type": "money_to_current", "amount": "500.00", "balance_type_before": "4500.00", "balance_type_after": "5000.00", "workflow_step": "initiate_topup", "sequence_order": 1, "reference": "A010LZNU5D1754841477505491", "description": "Added 500.0 to current balance", "metadata": {}}}, {"model": "billing.workflowactionlog", "pk": "05af746e-8b9f-4621-aa46-1a25b2e7e41e", "fields": {"date_modified": "2025-08-10T15:57:58.142Z", "date_created": "2025-08-10T15:57:58.142Z", "synced": false, "wallet_account": "d07a89de-15bd-4ee8-8e44-ff90be7a2f13", "parent_transaction": "920566a4-6e64-4200-b45e-515fd26f2c2e", "action_type": "money_to_uncleared", "amount": "500.00", "balance_type_before": "4000.00", "balance_type_after": "4500.00", "workflow_step": "initiate_topup", "sequence_order": 2, "reference": "A010LZNU5D1754841477505491", "description": "Added 500.0 to uncleared balance", "metadata": {}}}, {"model": "billing.workflowactionlog", "pk": "09b4a8ed-cb13-4b1b-9424-6b460eb648c6", "fields": {"date_modified": "2025-08-10T15:47:03.163Z", "date_created": "2025-08-10T15:47:03.163Z", "synced": false, "wallet_account": "d07a89de-15bd-4ee8-8e44-ff90be7a2f13", "parent_transaction": "3b5116e4-2d5a-44b4-b2d8-53779ce92778", "action_type": "money_to_uncleared", "amount": "500.00", "balance_type_before": "3000.00", "balance_type_after": "3500.00", "workflow_step": "initiate_topup", "sequence_order": 2, "reference": "A0UYTTKCHU1754840822599535", "description": "Added 500.0 to uncleared balance", "metadata": {}}}, {"model": "billing.workflowactionlog", "pk": "1463feaa-aa01-4525-8b67-ba25007be92c", "fields": {"date_modified": "2025-08-10T15:54:03.778Z", "date_created": "2025-08-10T15:54:03.778Z", "synced": false, "wallet_account": "d07a89de-15bd-4ee8-8e44-ff90be7a2f13", "parent_transaction": "21d76e15-8ee6-4db8-8423-81ca6ae7c74b", "action_type": "money_from_uncleared", "amount": "500.00", "balance_type_before": "4500.00", "balance_type_after": "4000.00", "workflow_step": "topup_rejected", "sequence_order": 4, "reference": "A032ZKYUBI1754841237503573", "description": "Deducted 500.00 from uncleared balance", "metadata": {}}}, {"model": "billing.workflowactionlog", "pk": "1aae3ed6-421e-48da-9a9a-549c3f668fab", "fields": {"date_modified": "2025-08-10T15:39:58.918Z", "date_created": "2025-08-10T15:39:58.918Z", "synced": false, "wallet_account": "d07a89de-15bd-4ee8-8e44-ff90be7a2f13", "parent_transaction": "b7d230f0-33d4-4678-bd5b-f5c2cbf6d022", "action_type": "money_to_uncleared", "amount": "500.00", "balance_type_before": "500.00", "balance_type_after": "1000.00", "workflow_step": "initiate_topup", "sequence_order": 2, "reference": "A0PTUYPKV11754840398288838", "description": "Added 500.0 to uncleared balance", "metadata": {}}}, {"model": "billing.workflowactionlog", "pk": "1c751856-05f2-4071-b02d-634bb3696401", "fields": {"date_modified": "2025-08-10T15:58:57.698Z", "date_created": "2025-08-10T15:58:57.698Z", "synced": false, "wallet_account": "d07a89de-15bd-4ee8-8e44-ff90be7a2f13", "parent_transaction": "699222a4-2073-48c5-8983-efb38d1d339c", "action_type": "money_from_current", "amount": "500.00", "balance_type_before": "5000.00", "balance_type_after": "4500.00", "workflow_step": "topup_rejected", "sequence_order": 3, "reference": "A0YYTWYGLT1754841531235379", "description": "Deducted 500.00 from current balance", "metadata": {}}}, {"model": "billing.workflowactionlog", "pk": "243c2b50-359b-4962-8a46-9b6eccd062ac", "fields": {"date_modified": "2025-08-10T15:52:55.149Z", "date_created": "2025-08-10T15:52:55.149Z", "synced": false, "wallet_account": "d07a89de-15bd-4ee8-8e44-ff90be7a2f13", "parent_transaction": "429fe41f-f7b1-4a83-aeea-d4a1fa775b96", "action_type": "money_to_uncleared", "amount": "500.00", "balance_type_before": "4000.00", "balance_type_after": "4500.00", "workflow_step": "initiate_topup", "sequence_order": 2, "reference": "A0I47XUS4H17548411745835688", "description": "Added 500.0 to uncleared balance", "metadata": {}}}, {"model": "billing.workflowactionlog", "pk": "245791ed-819f-421f-8967-bd935b6a805c", "fields": {"date_modified": "2025-08-10T15:52:19.644Z", "date_created": "2025-08-10T15:52:19.644Z", "synced": false, "wallet_account": "d07a89de-15bd-4ee8-8e44-ff90be7a2f13", "parent_transaction": "088f379a-eeb7-4f65-8972-91d7d4aeaaa9", "action_type": "money_from_current", "amount": "500.00", "balance_type_before": "4500.00", "balance_type_after": "4000.00", "workflow_step": "topup_rejected", "sequence_order": 3, "reference": "A0LT98JY7A1754841133323292", "description": "Deducted 500.00 from current balance", "metadata": {}}}, {"model": "billing.workflowactionlog", "pk": "275cd752-e2ff-4680-8de6-7e8e17cdb75a", "fields": {"date_modified": "2025-08-10T16:00:09.597Z", "date_created": "2025-08-10T16:00:09.597Z", "synced": false, "wallet_account": "d07a89de-15bd-4ee8-8e44-ff90be7a2f13", "parent_transaction": "6ab62ee5-3d3d-40f7-afdf-1d69cab61f8c", "action_type": "money_to_available", "amount": "500.00", "balance_type_before": "500.00", "balance_type_after": "1000.00", "workflow_step": "topup_approved", "sequence_order": 4, "reference": "A06RUT2B7T1754841603217816", "description": "Added 500.00 to available balance", "metadata": {}}}, {"model": "billing.workflowactionlog", "pk": "2d1f4fec-d11e-4a92-b050-4c46c174763d", "fields": {"date_modified": "2025-08-10T15:36:59.874Z", "date_created": "2025-08-10T15:36:59.874Z", "synced": false, "wallet_account": "d07a89de-15bd-4ee8-8e44-ff90be7a2f13", "parent_transaction": "bc2080fc-bec5-4be3-8d52-b1072c1d7451", "action_type": "money_to_current", "amount": "500.00", "balance_type_before": "500.00", "balance_type_after": "1000.00", "workflow_step": "initiate_topup", "sequence_order": 1, "reference": "A0ECP546L517548402192670999", "description": "Added 500.0 to current balance", "metadata": {}}}, {"model": "billing.workflowactionlog", "pk": "31030346-d46d-405e-9b09-b8c622da6c6e", "fields": {"date_modified": "2025-08-10T16:00:03.818Z", "date_created": "2025-08-10T16:00:03.818Z", "synced": false, "wallet_account": "d07a89de-15bd-4ee8-8e44-ff90be7a2f13", "parent_transaction": "6ab62ee5-3d3d-40f7-afdf-1d69cab61f8c", "action_type": "money_to_uncleared", "amount": "500.00", "balance_type_before": "4000.00", "balance_type_after": "4500.00", "workflow_step": "initiate_topup", "sequence_order": 2, "reference": "A06RUT2B7T1754841603217816", "description": "Added 500.0 to uncleared balance", "metadata": {}}}, {"model": "billing.workflowactionlog", "pk": "336e6083-696c-4ec5-acdc-3de9c94f9302", "fields": {"date_modified": "2025-08-10T15:53:58.106Z", "date_created": "2025-08-10T15:53:58.106Z", "synced": false, "wallet_account": "d07a89de-15bd-4ee8-8e44-ff90be7a2f13", "parent_transaction": "21d76e15-8ee6-4db8-8423-81ca6ae7c74b", "action_type": "money_to_current", "amount": "500.00", "balance_type_before": "4000.00", "balance_type_after": "4500.00", "workflow_step": "initiate_topup", "sequence_order": 1, "reference": "A032ZKYUBI1754841237503573", "description": "Added 500.0 to current balance", "metadata": {}}}, {"model": "billing.workflowactionlog", "pk": "3874abc0-efac-45c8-b9d4-6feb1437fa98", "fields": {"date_modified": "2025-08-10T15:15:48.034Z", "date_created": "2025-08-10T15:15:48.034Z", "synced": false, "wallet_account": "d07a89de-15bd-4ee8-8e44-ff90be7a2f13", "parent_transaction": "517e2706-8fea-4953-a170-ce0945105b90", "action_type": "money_to_current", "amount": "500.00", "balance_type_before": "0.00", "balance_type_after": "500.00", "workflow_step": "initiate_topup", "sequence_order": 1, "reference": "A03W1O8K5G1754838947361863", "description": "Added 500.0 to current balance", "metadata": {}}}, {"model": "billing.workflowactionlog", "pk": "3a1f26d3-114f-4960-9678-cdd3b8cce0b0", "fields": {"date_modified": "2025-08-10T15:52:13.922Z", "date_created": "2025-08-10T15:52:13.923Z", "synced": false, "wallet_account": "d07a89de-15bd-4ee8-8e44-ff90be7a2f13", "parent_transaction": "088f379a-eeb7-4f65-8972-91d7d4aeaaa9", "action_type": "money_to_current", "amount": "500.00", "balance_type_before": "4000.00", "balance_type_after": "4500.00", "workflow_step": "initiate_topup", "sequence_order": 1, "reference": "A0LT98JY7A1754841133323292", "description": "Added 500.0 to current balance", "metadata": {}}}, {"model": "billing.workflowactionlog", "pk": "3b2d62f0-7e4d-411e-9ad7-2b89a851c54b", "fields": {"date_modified": "2025-08-10T15:28:29.111Z", "date_created": "2025-08-10T15:28:29.111Z", "synced": false, "wallet_account": "d07a89de-15bd-4ee8-8e44-ff90be7a2f13", "parent_transaction": "eab1fa75-fb71-4550-82e3-1c51b9cc0a68", "action_type": "money_from_uncleared", "amount": "500.00", "balance_type_before": "1000.00", "balance_type_after": "500.00", "workflow_step": "topup_rejected", "sequence_order": 4, "reference": "A00G0OYQ1B1754839708478085", "description": "Deducted 500.00 from uncleared balance", "metadata": {}}}, {"model": "billing.workflowactionlog", "pk": "4130def9-159e-42d1-acc8-2e21460fb07d", "fields": {"date_modified": "2025-08-10T15:39:58.993Z", "date_created": "2025-08-10T15:39:58.993Z", "synced": false, "wallet_account": "d07a89de-15bd-4ee8-8e44-ff90be7a2f13", "parent_transaction": "b7d230f0-33d4-4678-bd5b-f5c2cbf6d022", "action_type": "money_from_uncleared", "amount": "500.00", "balance_type_before": "1000.00", "balance_type_after": "500.00", "workflow_step": "topup_rejected", "sequence_order": 4, "reference": "A0PTUYPKV11754840398288838", "description": "Deducted 500.00 from uncleared balance", "metadata": {}}}, {"model": "billing.workflowactionlog", "pk": "47da0688-7806-43b9-aad4-2c534ee8766c", "fields": {"date_modified": "2025-08-10T15:36:59.874Z", "date_created": "2025-08-10T15:36:59.874Z", "synced": false, "wallet_account": "d07a89de-15bd-4ee8-8e44-ff90be7a2f13", "parent_transaction": "bc2080fc-bec5-4be3-8d52-b1072c1d7451", "action_type": "money_to_uncleared", "amount": "500.00", "balance_type_before": "500.00", "balance_type_after": "1000.00", "workflow_step": "initiate_topup", "sequence_order": 2, "reference": "A0ECP546L517548402192670999", "description": "Added 500.0 to uncleared balance", "metadata": {}}}, {"model": "billing.workflowactionlog", "pk": "52a545ee-cf5a-451c-a905-5bfcac07841f", "fields": {"date_modified": "2025-08-10T15:52:19.644Z", "date_created": "2025-08-10T15:52:19.644Z", "synced": false, "wallet_account": "d07a89de-15bd-4ee8-8e44-ff90be7a2f13", "parent_transaction": "088f379a-eeb7-4f65-8972-91d7d4aeaaa9", "action_type": "money_from_uncleared", "amount": "500.00", "balance_type_before": "4500.00", "balance_type_after": "4000.00", "workflow_step": "topup_rejected", "sequence_order": 4, "reference": "A0LT98JY7A1754841133323292", "description": "Deducted 500.00 from uncleared balance", "metadata": {}}}, {"model": "billing.workflowactionlog", "pk": "55d9728b-03ff-43dd-b78b-5f487ec556d7", "fields": {"date_modified": "2025-08-10T15:58:51.912Z", "date_created": "2025-08-10T15:58:51.912Z", "synced": false, "wallet_account": "d07a89de-15bd-4ee8-8e44-ff90be7a2f13", "parent_transaction": "699222a4-2073-48c5-8983-efb38d1d339c", "action_type": "money_to_current", "amount": "500.00", "balance_type_before": "4500.00", "balance_type_after": "5000.00", "workflow_step": "initiate_topup", "sequence_order": 1, "reference": "A0YYTWYGLT1754841531235379", "description": "Added 500.0 to current balance", "metadata": {}}}, {"model": "billing.workflowactionlog", "pk": "57618b54-69b4-491a-94b2-97c762949905", "fields": {"date_modified": "2025-08-10T15:17:47.570Z", "date_created": "2025-08-10T15:17:47.570Z", "synced": false, "wallet_account": "d07a89de-15bd-4ee8-8e44-ff90be7a2f13", "parent_transaction": "a4375a02-0655-4d88-89d5-afdc2cdf6167", "action_type": "money_to_current", "amount": "500.00", "balance_type_before": "0.00", "balance_type_after": "500.00", "workflow_step": "initiate_topup", "sequence_order": 1, "reference": "A0DBW4XYGO175483906681185", "description": "Added 500.0 to current balance", "metadata": {}}}, {"model": "billing.workflowactionlog", "pk": "5b2466d9-0749-47ed-aa6a-8ea403c2e10d", "fields": {"date_modified": "2025-08-10T15:58:03.891Z", "date_created": "2025-08-10T15:58:03.891Z", "synced": false, "wallet_account": "d07a89de-15bd-4ee8-8e44-ff90be7a2f13", "parent_transaction": "920566a4-6e64-4200-b45e-515fd26f2c2e", "action_type": "money_from_current", "amount": "500.00", "balance_type_before": "5000.00", "balance_type_after": "4500.00", "workflow_step": "topup_rejected", "sequence_order": 3, "reference": "A010LZNU5D1754841477505491", "description": "Deducted 500.00 from current balance", "metadata": {}}}, {"model": "billing.workflowactionlog", "pk": "5b99af9d-55d2-4db3-9ffa-bc6cc4a6bc44", "fields": {"date_modified": "2025-08-10T15:28:29.111Z", "date_created": "2025-08-10T15:28:29.111Z", "synced": false, "wallet_account": "d07a89de-15bd-4ee8-8e44-ff90be7a2f13", "parent_transaction": "eab1fa75-fb71-4550-82e3-1c51b9cc0a68", "action_type": "money_from_current", "amount": "500.00", "balance_type_before": "1000.00", "balance_type_after": "500.00", "workflow_step": "topup_rejected", "sequence_order": 3, "reference": "A00G0OYQ1B1754839708478085", "description": "Deducted 500.00 from current balance", "metadata": {}}}, {"model": "billing.workflowactionlog", "pk": "610e4369-416b-4e58-a7dd-600b3d5b068b", "fields": {"date_modified": "2025-08-10T15:39:58.918Z", "date_created": "2025-08-10T15:39:58.918Z", "synced": false, "wallet_account": "d07a89de-15bd-4ee8-8e44-ff90be7a2f13", "parent_transaction": "b7d230f0-33d4-4678-bd5b-f5c2cbf6d022", "action_type": "money_to_current", "amount": "500.00", "balance_type_before": "500.00", "balance_type_after": "1000.00", "workflow_step": "initiate_topup", "sequence_order": 1, "reference": "A0PTUYPKV11754840398288838", "description": "Added 500.0 to current balance", "metadata": {}}}, {"model": "billing.workflowactionlog", "pk": "66cf37d2-9271-4406-9d6e-763dca780d66", "fields": {"date_modified": "2025-08-10T15:28:29.060Z", "date_created": "2025-08-10T15:28:29.060Z", "synced": false, "wallet_account": "d07a89de-15bd-4ee8-8e44-ff90be7a2f13", "parent_transaction": "eab1fa75-fb71-4550-82e3-1c51b9cc0a68", "action_type": "money_to_current", "amount": "500.00", "balance_type_before": "500.00", "balance_type_after": "1000.00", "workflow_step": "initiate_topup", "sequence_order": 1, "reference": "A00G0OYQ1B1754839708478085", "description": "Added 500.0 to current balance", "metadata": {}}}, {"model": "billing.workflowactionlog", "pk": "6966064f-a29c-446e-9cc9-ae90d6eb2d0f", "fields": {"date_modified": "2025-08-10T15:53:00.483Z", "date_created": "2025-08-10T15:53:00.483Z", "synced": false, "wallet_account": "d07a89de-15bd-4ee8-8e44-ff90be7a2f13", "parent_transaction": "429fe41f-f7b1-4a83-aeea-d4a1fa775b96", "action_type": "money_from_current", "amount": "500.00", "balance_type_before": "4500.00", "balance_type_after": "4000.00", "workflow_step": "topup_rejected", "sequence_order": 3, "reference": "A0I47XUS4H17548411745835688", "description": "Deducted 500.00 from current balance", "metadata": {}}}, {"model": "billing.workflowactionlog", "pk": "71183df6-d6fc-470b-8d77-b83b47b3ce3f", "fields": {"date_modified": "2025-08-10T15:58:03.891Z", "date_created": "2025-08-10T15:58:03.891Z", "synced": false, "wallet_account": "d07a89de-15bd-4ee8-8e44-ff90be7a2f13", "parent_transaction": "920566a4-6e64-4200-b45e-515fd26f2c2e", "action_type": "money_from_uncleared", "amount": "500.00", "balance_type_before": "4500.00", "balance_type_after": "4000.00", "workflow_step": "topup_rejected", "sequence_order": 4, "reference": "A010LZNU5D1754841477505491", "description": "Deducted 500.00 from uncleared balance", "metadata": {}}}, {"model": "billing.workflowactionlog", "pk": "7191f80c-a732-47b9-9e8f-714b2946c593", "fields": {"date_modified": "2025-08-10T15:58:57.698Z", "date_created": "2025-08-10T15:58:57.698Z", "synced": false, "wallet_account": "d07a89de-15bd-4ee8-8e44-ff90be7a2f13", "parent_transaction": "699222a4-2073-48c5-8983-efb38d1d339c", "action_type": "money_from_uncleared", "amount": "500.00", "balance_type_before": "4500.00", "balance_type_after": "4000.00", "workflow_step": "topup_rejected", "sequence_order": 4, "reference": "A0YYTWYGLT1754841531235379", "description": "Deducted 500.00 from uncleared balance", "metadata": {}}}, {"model": "billing.workflowactionlog", "pk": "7498e690-6621-45af-838f-d53a1d87edc7", "fields": {"date_modified": "2025-08-10T15:41:00.002Z", "date_created": "2025-08-10T15:41:00.002Z", "synced": false, "wallet_account": "d07a89de-15bd-4ee8-8e44-ff90be7a2f13", "parent_transaction": "4a572964-22ef-42a3-a837-98586c4236dc", "action_type": "money_to_uncleared", "amount": "500.00", "balance_type_before": "500.00", "balance_type_after": "1000.00", "workflow_step": "initiate_topup", "sequence_order": 2, "reference": "A0PZ8Y41HD1754840459377517", "description": "Added 500.0 to uncleared balance", "metadata": {}}}, {"model": "billing.workflowactionlog", "pk": "79727b0a-85ed-403b-b89e-1435ede26d11", "fields": {"date_modified": "2025-08-10T15:49:05.743Z", "date_created": "2025-08-10T15:49:05.743Z", "synced": false, "wallet_account": "d07a89de-15bd-4ee8-8e44-ff90be7a2f13", "parent_transaction": "5178b5c6-d499-485c-8b46-8096ce6dbe90", "action_type": "money_from_uncleared", "amount": "500.00", "balance_type_before": "4500.00", "balance_type_after": "4000.00", "workflow_step": "topup_rejected", "sequence_order": 4, "reference": "A0HYIVRMEH1754840939471603", "description": "Deducted 500.00 from uncleared balance", "metadata": {}}}, {"model": "billing.workflowactionlog", "pk": "7ccfd9d1-43b1-4e9f-95ae-75cf05f88609", "fields": {"date_modified": "2025-08-10T15:28:29.060Z", "date_created": "2025-08-10T15:28:29.060Z", "synced": false, "wallet_account": "d07a89de-15bd-4ee8-8e44-ff90be7a2f13", "parent_transaction": "eab1fa75-fb71-4550-82e3-1c51b9cc0a68", "action_type": "money_to_uncleared", "amount": "500.00", "balance_type_before": "500.00", "balance_type_after": "1000.00", "workflow_step": "initiate_topup", "sequence_order": 2, "reference": "A00G0OYQ1B1754839708478085", "description": "Added 500.0 to uncleared balance", "metadata": {}}}, {"model": "billing.workflowactionlog", "pk": "7f295cbc-1d3a-4708-86bf-b26d38328e36", "fields": {"date_modified": "2025-08-10T15:54:45.659Z", "date_created": "2025-08-10T15:54:45.659Z", "synced": false, "wallet_account": "d07a89de-15bd-4ee8-8e44-ff90be7a2f13", "parent_transaction": "9292694a-ad0a-4838-9e1e-f961b2d2fd67", "action_type": "money_to_uncleared", "amount": "500.00", "balance_type_before": "4000.00", "balance_type_after": "4500.00", "workflow_step": "initiate_topup", "sequence_order": 2, "reference": "A0JIC6E8BB1754841285031869", "description": "Added 500.0 to uncleared balance", "metadata": {}}}, {"model": "billing.workflowactionlog", "pk": "81a1567f-a290-4fc9-9bc8-eb6f4b62a60e", "fields": {"date_modified": "2025-08-10T15:52:55.149Z", "date_created": "2025-08-10T15:52:55.149Z", "synced": false, "wallet_account": "d07a89de-15bd-4ee8-8e44-ff90be7a2f13", "parent_transaction": "429fe41f-f7b1-4a83-aeea-d4a1fa775b96", "action_type": "money_to_current", "amount": "500.00", "balance_type_before": "4000.00", "balance_type_after": "4500.00", "workflow_step": "initiate_topup", "sequence_order": 1, "reference": "A0I47XUS4H17548411745835688", "description": "Added 500.0 to current balance", "metadata": {}}}, {"model": "billing.workflowactionlog", "pk": "81a46c78-145e-4a90-a1a5-d2c55505d49c", "fields": {"date_modified": "2025-08-10T15:42:49.975Z", "date_created": "2025-08-10T15:42:49.975Z", "synced": false, "wallet_account": "d07a89de-15bd-4ee8-8e44-ff90be7a2f13", "parent_transaction": "a9ad2355-842e-4c12-9ebf-eaec263dbecc", "action_type": "money_to_current", "amount": "500.00", "balance_type_before": "1000.00", "balance_type_after": "1500.00", "workflow_step": "initiate_topup", "sequence_order": 1, "reference": "A0CANIL1O71754840569401553", "description": "Added 500.0 to current balance", "metadata": {}}}, {"model": "billing.workflowactionlog", "pk": "8bf47073-6409-46a1-a8da-6b3138df4952", "fields": {"date_modified": "2025-08-10T15:23:07.941Z", "date_created": "2025-08-10T15:23:07.941Z", "synced": false, "wallet_account": "d07a89de-15bd-4ee8-8e44-ff90be7a2f13", "parent_transaction": "30db5e30-7e16-47d0-a5b7-0cbe5e4aa424", "action_type": "money_from_uncleared", "amount": "500.00", "balance_type_before": "1000.00", "balance_type_after": "500.00", "workflow_step": "topup_rejected", "sequence_order": 4, "reference": "A0GN3G181W1754839387277418", "description": "Deducted 500.00 from uncleared balance", "metadata": {}}}, {"model": "billing.workflowactionlog", "pk": "953944ba-a9b7-4c91-9775-72e00800b1a1", "fields": {"date_modified": "2025-08-10T15:41:00.002Z", "date_created": "2025-08-10T15:41:00.002Z", "synced": false, "wallet_account": "d07a89de-15bd-4ee8-8e44-ff90be7a2f13", "parent_transaction": "4a572964-22ef-42a3-a837-98586c4236dc", "action_type": "money_to_current", "amount": "500.00", "balance_type_before": "500.00", "balance_type_after": "1000.00", "workflow_step": "initiate_topup", "sequence_order": 1, "reference": "A0PZ8Y41HD1754840459377517", "description": "Added 500.0 to current balance", "metadata": {}}}, {"model": "billing.workflowactionlog", "pk": "9c7be180-fbca-472d-b8e9-a86daf1a9ab2", "fields": {"date_modified": "2025-08-10T15:53:00.484Z", "date_created": "2025-08-10T15:53:00.484Z", "synced": false, "wallet_account": "d07a89de-15bd-4ee8-8e44-ff90be7a2f13", "parent_transaction": "429fe41f-f7b1-4a83-aeea-d4a1fa775b96", "action_type": "money_from_uncleared", "amount": "500.00", "balance_type_before": "4500.00", "balance_type_after": "4000.00", "workflow_step": "topup_rejected", "sequence_order": 4, "reference": "A0I47XUS4H17548411745835688", "description": "Deducted 500.00 from uncleared balance", "metadata": {}}}, {"model": "billing.workflowactionlog", "pk": "9f5eba72-0407-4418-a990-63257524b1a6", "fields": {"date_modified": "2025-08-10T15:44:14.057Z", "date_created": "2025-08-10T15:44:14.057Z", "synced": false, "wallet_account": "d07a89de-15bd-4ee8-8e44-ff90be7a2f13", "parent_transaction": "b9bde86c-db52-4153-a23b-334592b5e284", "action_type": "money_to_current", "amount": "500.00", "balance_type_before": "1500.00", "balance_type_after": "2000.00", "workflow_step": "initiate_topup", "sequence_order": 1, "reference": "A0X94DYFLY1754840653466731", "description": "Added 500.0 to current balance", "metadata": {}}}, {"model": "billing.workflowactionlog", "pk": "a36e81d5-014f-4528-a8dc-9e384b648082", "fields": {"date_modified": "2025-08-10T15:47:30.835Z", "date_created": "2025-08-10T15:47:30.835Z", "synced": false, "wallet_account": "d07a89de-15bd-4ee8-8e44-ff90be7a2f13", "parent_transaction": "679cf229-0a52-48cf-82d9-9de95cc4db33", "action_type": "money_to_uncleared", "amount": "500.00", "balance_type_before": "3500.00", "balance_type_after": "4000.00", "workflow_step": "initiate_topup", "sequence_order": 2, "reference": "A02X4ENVR91754840850270981", "description": "Added 500.0 to uncleared balance", "metadata": {}}}, {"model": "billing.workflowactionlog", "pk": "a71edbc6-07b3-4af1-b50a-bfdc7f43d4ff", "fields": {"date_modified": "2025-08-10T15:49:05.743Z", "date_created": "2025-08-10T15:49:05.743Z", "synced": false, "wallet_account": "d07a89de-15bd-4ee8-8e44-ff90be7a2f13", "parent_transaction": "5178b5c6-d499-485c-8b46-8096ce6dbe90", "action_type": "money_from_current", "amount": "500.00", "balance_type_before": "4500.00", "balance_type_after": "4000.00", "workflow_step": "topup_rejected", "sequence_order": 3, "reference": "A0HYIVRMEH1754840939471603", "description": "Deducted 500.00 from current balance", "metadata": {}}}, {"model": "billing.workflowactionlog", "pk": "a8c96d1d-d7b6-4a6a-b263-1aab39dfd627", "fields": {"date_modified": "2025-08-10T15:53:58.106Z", "date_created": "2025-08-10T15:53:58.106Z", "synced": false, "wallet_account": "d07a89de-15bd-4ee8-8e44-ff90be7a2f13", "parent_transaction": "21d76e15-8ee6-4db8-8423-81ca6ae7c74b", "action_type": "money_to_uncleared", "amount": "500.00", "balance_type_before": "4000.00", "balance_type_after": "4500.00", "workflow_step": "initiate_topup", "sequence_order": 2, "reference": "A032ZKYUBI1754841237503573", "description": "Added 500.0 to uncleared balance", "metadata": {}}}, {"model": "billing.workflowactionlog", "pk": "a9e681dd-a121-4558-a06c-0dcca76650f6", "fields": {"date_modified": "2025-08-10T15:49:00.032Z", "date_created": "2025-08-10T15:49:00.032Z", "synced": false, "wallet_account": "d07a89de-15bd-4ee8-8e44-ff90be7a2f13", "parent_transaction": "5178b5c6-d499-485c-8b46-8096ce6dbe90", "action_type": "money_to_uncleared", "amount": "500.00", "balance_type_before": "4000.00", "balance_type_after": "4500.00", "workflow_step": "initiate_topup", "sequence_order": 2, "reference": "A0HYIVRMEH1754840939471603", "description": "Added 500.0 to uncleared balance", "metadata": {}}}, {"model": "billing.workflowactionlog", "pk": "aa3ed2e9-1db1-44b6-81f7-7fdb73b24b8d", "fields": {"date_modified": "2025-08-10T15:36:59.929Z", "date_created": "2025-08-10T15:36:59.929Z", "synced": false, "wallet_account": "d07a89de-15bd-4ee8-8e44-ff90be7a2f13", "parent_transaction": "bc2080fc-bec5-4be3-8d52-b1072c1d7451", "action_type": "money_from_uncleared", "amount": "500.00", "balance_type_before": "1000.00", "balance_type_after": "500.00", "workflow_step": "topup_rejected", "sequence_order": 4, "reference": "A0ECP546L517548402192670999", "description": "Deducted 500.00 from uncleared balance", "metadata": {}}}, {"model": "billing.workflowactionlog", "pk": "ab2bc80e-eecb-492b-8e82-ff0249ec31fb", "fields": {"date_modified": "2025-08-10T15:17:47.571Z", "date_created": "2025-08-10T15:17:47.571Z", "synced": false, "wallet_account": "d07a89de-15bd-4ee8-8e44-ff90be7a2f13", "parent_transaction": "a4375a02-0655-4d88-89d5-afdc2cdf6167", "action_type": "money_to_uncleared", "amount": "500.00", "balance_type_before": "0.00", "balance_type_after": "500.00", "workflow_step": "initiate_topup", "sequence_order": 2, "reference": "A0DBW4XYGO175483906681185", "description": "Added 500.0 to uncleared balance", "metadata": {}}}, {"model": "billing.workflowactionlog", "pk": "aba65d4e-8e85-42fc-89d6-4dc4aa652a52", "fields": {"date_modified": "2025-08-10T15:45:49.292Z", "date_created": "2025-08-10T15:45:49.292Z", "synced": false, "wallet_account": "d07a89de-15bd-4ee8-8e44-ff90be7a2f13", "parent_transaction": "25cd1ba4-e3fe-40a6-8cbc-72b8fe02f95a", "action_type": "money_to_uncleared", "amount": "500.00", "balance_type_before": "2000.00", "balance_type_after": "2500.00", "workflow_step": "initiate_topup", "sequence_order": 2, "reference": "A0Z0YE46V91754840748703275", "description": "Added 500.0 to uncleared balance", "metadata": {}}}, {"model": "billing.workflowactionlog", "pk": "afc64843-649d-468b-93e0-8d83f2ab615f", "fields": {"date_modified": "2025-08-10T15:54:45.659Z", "date_created": "2025-08-10T15:54:45.659Z", "synced": false, "wallet_account": "d07a89de-15bd-4ee8-8e44-ff90be7a2f13", "parent_transaction": "9292694a-ad0a-4838-9e1e-f961b2d2fd67", "action_type": "money_to_current", "amount": "500.00", "balance_type_before": "4000.00", "balance_type_after": "4500.00", "workflow_step": "initiate_topup", "sequence_order": 1, "reference": "A0JIC6E8BB1754841285031869", "description": "Added 500.0 to current balance", "metadata": {}}}, {"model": "billing.workflowactionlog", "pk": "b21a69b7-8ec6-414c-9b14-e8d5a202fc3e", "fields": {"date_modified": "2025-08-10T16:00:03.818Z", "date_created": "2025-08-10T16:00:03.818Z", "synced": false, "wallet_account": "d07a89de-15bd-4ee8-8e44-ff90be7a2f13", "parent_transaction": "6ab62ee5-3d3d-40f7-afdf-1d69cab61f8c", "action_type": "money_to_current", "amount": "500.00", "balance_type_before": "4500.00", "balance_type_after": "5000.00", "workflow_step": "initiate_topup", "sequence_order": 1, "reference": "A06RUT2B7T1754841603217816", "description": "Added 500.0 to current balance", "metadata": {}}}, {"model": "billing.workflowactionlog", "pk": "b4cd835d-e149-4724-be4f-33c14279ae9c", "fields": {"date_modified": "2025-08-10T15:54:03.778Z", "date_created": "2025-08-10T15:54:03.778Z", "synced": false, "wallet_account": "d07a89de-15bd-4ee8-8e44-ff90be7a2f13", "parent_transaction": "21d76e15-8ee6-4db8-8423-81ca6ae7c74b", "action_type": "money_from_current", "amount": "500.00", "balance_type_before": "4500.00", "balance_type_after": "4000.00", "workflow_step": "topup_rejected", "sequence_order": 3, "reference": "A032ZKYUBI1754841237503573", "description": "Deducted 500.00 from current balance", "metadata": {}}}, {"model": "billing.workflowactionlog", "pk": "b7c4e99c-44e1-46c4-9b1b-f5babc580c20", "fields": {"date_modified": "2025-08-10T15:15:48.087Z", "date_created": "2025-08-10T15:15:48.087Z", "synced": false, "wallet_account": "d07a89de-15bd-4ee8-8e44-ff90be7a2f13", "parent_transaction": "517e2706-8fea-4953-a170-ce0945105b90", "action_type": "money_from_uncleared", "amount": "500.00", "balance_type_before": "500.00", "balance_type_after": "0.00", "workflow_step": "topup_rejected", "sequence_order": 4, "reference": "A03W1O8K5G1754838947361863", "description": "Deducted 500.00 from uncleared balance", "metadata": {}}}, {"model": "billing.workflowactionlog", "pk": "bbb247a6-0618-4056-8d64-ea36b6ee4425", "fields": {"date_modified": "2025-08-10T15:46:39.667Z", "date_created": "2025-08-10T15:46:39.667Z", "synced": false, "wallet_account": "d07a89de-15bd-4ee8-8e44-ff90be7a2f13", "parent_transaction": "c831f17c-decb-428a-9415-52cbca83b4d5", "action_type": "money_to_uncleared", "amount": "500.00", "balance_type_before": "2500.00", "balance_type_after": "3000.00", "workflow_step": "initiate_topup", "sequence_order": 2, "reference": "A0ZF8U5YW21754840799043786", "description": "Added 500.0 to uncleared balance", "metadata": {}}}, {"model": "billing.workflowactionlog", "pk": "c0592aca-725a-419c-8733-4ee09802e128", "fields": {"date_modified": "2025-08-10T15:49:00.032Z", "date_created": "2025-08-10T15:49:00.032Z", "synced": false, "wallet_account": "d07a89de-15bd-4ee8-8e44-ff90be7a2f13", "parent_transaction": "5178b5c6-d499-485c-8b46-8096ce6dbe90", "action_type": "money_to_current", "amount": "500.00", "balance_type_before": "4000.00", "balance_type_after": "4500.00", "workflow_step": "initiate_topup", "sequence_order": 1, "reference": "A0HYIVRMEH1754840939471603", "description": "Added 500.0 to current balance", "metadata": {}}}, {"model": "billing.workflowactionlog", "pk": "c0649615-a08b-408c-867f-ab932ae89687", "fields": {"date_modified": "2025-08-10T15:54:51.019Z", "date_created": "2025-08-10T15:54:51.019Z", "synced": false, "wallet_account": "d07a89de-15bd-4ee8-8e44-ff90be7a2f13", "parent_transaction": "9292694a-ad0a-4838-9e1e-f961b2d2fd67", "action_type": "money_to_available", "amount": "500.00", "balance_type_before": "0.00", "balance_type_after": "500.00", "workflow_step": "topup_approved", "sequence_order": 4, "reference": "A0JIC6E8BB1754841285031869", "description": "Added 500.00 to available balance", "metadata": {}}}, {"model": "billing.workflowactionlog", "pk": "c18e5912-09e2-418c-8faf-7a3861fb7227", "fields": {"date_modified": "2025-08-10T16:00:09.597Z", "date_created": "2025-08-10T16:00:09.597Z", "synced": false, "wallet_account": "d07a89de-15bd-4ee8-8e44-ff90be7a2f13", "parent_transaction": "6ab62ee5-3d3d-40f7-afdf-1d69cab61f8c", "action_type": "money_from_uncleared", "amount": "500.00", "balance_type_before": "4500.00", "balance_type_after": "4000.00", "workflow_step": "topup_approved", "sequence_order": 3, "reference": "A06RUT2B7T1754841603217816", "description": "Deducted 500.00 from uncleared balance", "metadata": {}}}, {"model": "billing.workflowactionlog", "pk": "c29f0d40-b5a3-4acb-9389-623c98e2509f", "fields": {"date_modified": "2025-08-10T15:39:58.993Z", "date_created": "2025-08-10T15:39:58.993Z", "synced": false, "wallet_account": "d07a89de-15bd-4ee8-8e44-ff90be7a2f13", "parent_transaction": "b7d230f0-33d4-4678-bd5b-f5c2cbf6d022", "action_type": "money_from_current", "amount": "500.00", "balance_type_before": "1000.00", "balance_type_after": "500.00", "workflow_step": "topup_rejected", "sequence_order": 3, "reference": "A0PTUYPKV11754840398288838", "description": "Deducted 500.00 from current balance", "metadata": {}}}, {"model": "billing.workflowactionlog", "pk": "c54608ee-80e1-4bc5-ab1f-9ab8760dbdad", "fields": {"date_modified": "2025-08-10T15:38:19.860Z", "date_created": "2025-08-10T15:38:19.860Z", "synced": false, "wallet_account": "d07a89de-15bd-4ee8-8e44-ff90be7a2f13", "parent_transaction": "28d3033e-2e13-4d22-984f-09033c64f370", "action_type": "money_from_current", "amount": "500.00", "balance_type_before": "1000.00", "balance_type_after": "500.00", "workflow_step": "topup_rejected", "sequence_order": 3, "reference": "A0L5O5C1YH1754840299164949", "description": "Deducted 500.00 from current balance", "metadata": {}}}, {"model": "billing.workflowactionlog", "pk": "c7bb184a-bf90-4d54-b491-30d6d09b8739", "fields": {"date_modified": "2025-08-10T15:23:07.894Z", "date_created": "2025-08-10T15:23:07.894Z", "synced": false, "wallet_account": "d07a89de-15bd-4ee8-8e44-ff90be7a2f13", "parent_transaction": "30db5e30-7e16-47d0-a5b7-0cbe5e4aa424", "action_type": "money_to_current", "amount": "500.00", "balance_type_before": "500.00", "balance_type_after": "1000.00", "workflow_step": "initiate_topup", "sequence_order": 1, "reference": "A0GN3G181W1754839387277418", "description": "Added 500.0 to current balance", "metadata": {}}}, {"model": "billing.workflowactionlog", "pk": "c8a9bb0c-27aa-451f-8043-0d4acfdcafbb", "fields": {"date_modified": "2025-08-10T15:15:48.087Z", "date_created": "2025-08-10T15:15:48.087Z", "synced": false, "wallet_account": "d07a89de-15bd-4ee8-8e44-ff90be7a2f13", "parent_transaction": "517e2706-8fea-4953-a170-ce0945105b90", "action_type": "money_from_current", "amount": "500.00", "balance_type_before": "500.00", "balance_type_after": "0.00", "workflow_step": "topup_rejected", "sequence_order": 3, "reference": "A03W1O8K5G1754838947361863", "description": "Deducted 500.00 from current balance", "metadata": {}}}, {"model": "billing.workflowactionlog", "pk": "cd3b3f11-95c5-4616-aaa0-a8b87612bb69", "fields": {"date_modified": "2025-08-10T15:15:48.034Z", "date_created": "2025-08-10T15:15:48.034Z", "synced": false, "wallet_account": "d07a89de-15bd-4ee8-8e44-ff90be7a2f13", "parent_transaction": "517e2706-8fea-4953-a170-ce0945105b90", "action_type": "money_to_uncleared", "amount": "500.00", "balance_type_before": "0.00", "balance_type_after": "500.00", "workflow_step": "initiate_topup", "sequence_order": 2, "reference": "A03W1O8K5G1754838947361863", "description": "Added 500.0 to uncleared balance", "metadata": {}}}, {"model": "billing.workflowactionlog", "pk": "d4fa3698-1656-43e8-bf6b-676c9334f0b5", "fields": {"date_modified": "2025-08-10T15:47:03.163Z", "date_created": "2025-08-10T15:47:03.163Z", "synced": false, "wallet_account": "d07a89de-15bd-4ee8-8e44-ff90be7a2f13", "parent_transaction": "3b5116e4-2d5a-44b4-b2d8-53779ce92778", "action_type": "money_to_current", "amount": "500.00", "balance_type_before": "3000.00", "balance_type_after": "3500.00", "workflow_step": "initiate_topup", "sequence_order": 1, "reference": "A0UYTTKCHU1754840822599535", "description": "Added 500.0 to current balance", "metadata": {}}}, {"model": "billing.workflowactionlog", "pk": "d543011b-8b05-41d1-839e-4921371ab245", "fields": {"date_modified": "2025-08-10T15:23:07.895Z", "date_created": "2025-08-10T15:23:07.895Z", "synced": false, "wallet_account": "d07a89de-15bd-4ee8-8e44-ff90be7a2f13", "parent_transaction": "30db5e30-7e16-47d0-a5b7-0cbe5e4aa424", "action_type": "money_to_uncleared", "amount": "500.00", "balance_type_before": "500.00", "balance_type_after": "1000.00", "workflow_step": "initiate_topup", "sequence_order": 2, "reference": "A0GN3G181W1754839387277418", "description": "Added 500.0 to uncleared balance", "metadata": {}}}, {"model": "billing.workflowactionlog", "pk": "d9409371-e098-4c62-859c-252c1db37e1a", "fields": {"date_modified": "2025-08-10T15:44:14.057Z", "date_created": "2025-08-10T15:44:14.057Z", "synced": false, "wallet_account": "d07a89de-15bd-4ee8-8e44-ff90be7a2f13", "parent_transaction": "b9bde86c-db52-4153-a23b-334592b5e284", "action_type": "money_to_uncleared", "amount": "500.00", "balance_type_before": "1500.00", "balance_type_after": "2000.00", "workflow_step": "initiate_topup", "sequence_order": 2, "reference": "A0X94DYFLY1754840653466731", "description": "Added 500.0 to uncleared balance", "metadata": {}}}, {"model": "billing.workflowactionlog", "pk": "d99c9467-dbd8-4181-b200-fd19cd8d4b80", "fields": {"date_modified": "2025-08-10T15:47:30.835Z", "date_created": "2025-08-10T15:47:30.835Z", "synced": false, "wallet_account": "d07a89de-15bd-4ee8-8e44-ff90be7a2f13", "parent_transaction": "679cf229-0a52-48cf-82d9-9de95cc4db33", "action_type": "money_to_current", "amount": "500.00", "balance_type_before": "3500.00", "balance_type_after": "4000.00", "workflow_step": "initiate_topup", "sequence_order": 1, "reference": "A02X4ENVR91754840850270981", "description": "Added 500.0 to current balance", "metadata": {}}}, {"model": "billing.workflowactionlog", "pk": "dc057f10-ad21-48fb-b1e5-7eb5f30082ef", "fields": {"date_modified": "2025-08-10T15:38:19.806Z", "date_created": "2025-08-10T15:38:19.806Z", "synced": false, "wallet_account": "d07a89de-15bd-4ee8-8e44-ff90be7a2f13", "parent_transaction": "28d3033e-2e13-4d22-984f-09033c64f370", "action_type": "money_to_current", "amount": "500.00", "balance_type_before": "500.00", "balance_type_after": "1000.00", "workflow_step": "initiate_topup", "sequence_order": 1, "reference": "A0L5O5C1YH1754840299164949", "description": "Added 500.0 to current balance", "metadata": {}}}, {"model": "billing.workflowactionlog", "pk": "dfcf2139-f761-424b-bedf-be3f87c8bf05", "fields": {"date_modified": "2025-08-10T15:52:13.923Z", "date_created": "2025-08-10T15:52:13.923Z", "synced": false, "wallet_account": "d07a89de-15bd-4ee8-8e44-ff90be7a2f13", "parent_transaction": "088f379a-eeb7-4f65-8972-91d7d4aeaaa9", "action_type": "money_to_uncleared", "amount": "500.00", "balance_type_before": "4000.00", "balance_type_after": "4500.00", "workflow_step": "initiate_topup", "sequence_order": 2, "reference": "A0LT98JY7A1754841133323292", "description": "Added 500.0 to uncleared balance", "metadata": {}}}, {"model": "billing.workflowactionlog", "pk": "e30736dc-ba32-40a0-9f5a-e668a41136c7", "fields": {"date_modified": "2025-08-10T15:45:49.291Z", "date_created": "2025-08-10T15:45:49.292Z", "synced": false, "wallet_account": "d07a89de-15bd-4ee8-8e44-ff90be7a2f13", "parent_transaction": "25cd1ba4-e3fe-40a6-8cbc-72b8fe02f95a", "action_type": "money_to_current", "amount": "500.00", "balance_type_before": "2000.00", "balance_type_after": "2500.00", "workflow_step": "initiate_topup", "sequence_order": 1, "reference": "A0Z0YE46V91754840748703275", "description": "Added 500.0 to current balance", "metadata": {}}}, {"model": "billing.workflowactionlog", "pk": "e93a05d4-8dfd-4097-ae82-588519b703d2", "fields": {"date_modified": "2025-08-10T15:54:51.019Z", "date_created": "2025-08-10T15:54:51.019Z", "synced": false, "wallet_account": "d07a89de-15bd-4ee8-8e44-ff90be7a2f13", "parent_transaction": "9292694a-ad0a-4838-9e1e-f961b2d2fd67", "action_type": "money_from_uncleared", "amount": "500.00", "balance_type_before": "4500.00", "balance_type_after": "4000.00", "workflow_step": "topup_approved", "sequence_order": 3, "reference": "A0JIC6E8BB1754841285031869", "description": "Deducted 500.00 from uncleared balance", "metadata": {}}}, {"model": "billing.workflowactionlog", "pk": "ea5c950a-7688-48b3-a934-22ccc459dd8b", "fields": {"date_modified": "2025-08-10T15:58:51.912Z", "date_created": "2025-08-10T15:58:51.912Z", "synced": false, "wallet_account": "d07a89de-15bd-4ee8-8e44-ff90be7a2f13", "parent_transaction": "699222a4-2073-48c5-8983-efb38d1d339c", "action_type": "money_to_uncleared", "amount": "500.00", "balance_type_before": "4000.00", "balance_type_after": "4500.00", "workflow_step": "initiate_topup", "sequence_order": 2, "reference": "A0YYTWYGLT1754841531235379", "description": "Added 500.0 to uncleared balance", "metadata": {}}}, {"model": "billing.workflowactionlog", "pk": "ee5ac2bd-41c5-4f10-ad73-aee1310f5b09", "fields": {"date_modified": "2025-08-10T15:36:59.928Z", "date_created": "2025-08-10T15:36:59.929Z", "synced": false, "wallet_account": "d07a89de-15bd-4ee8-8e44-ff90be7a2f13", "parent_transaction": "bc2080fc-bec5-4be3-8d52-b1072c1d7451", "action_type": "money_from_current", "amount": "500.00", "balance_type_before": "1000.00", "balance_type_after": "500.00", "workflow_step": "topup_rejected", "sequence_order": 3, "reference": "A0ECP546L517548402192670999", "description": "Deducted 500.00 from current balance", "metadata": {}}}, {"model": "billing.workflowactionlog", "pk": "f522ef30-235c-4ee3-bd5c-c74c782ee702", "fields": {"date_modified": "2025-08-10T15:42:49.975Z", "date_created": "2025-08-10T15:42:49.975Z", "synced": false, "wallet_account": "d07a89de-15bd-4ee8-8e44-ff90be7a2f13", "parent_transaction": "a9ad2355-842e-4c12-9ebf-eaec263dbecc", "action_type": "money_to_uncleared", "amount": "500.00", "balance_type_before": "1000.00", "balance_type_after": "1500.00", "workflow_step": "initiate_topup", "sequence_order": 2, "reference": "A0CANIL1O71754840569401553", "description": "Added 500.0 to uncleared balance", "metadata": {}}}, {"model": "billing.workflowactionlog", "pk": "f72d7598-e656-4a99-bdfa-02c17134dc8c", "fields": {"date_modified": "2025-08-10T15:38:19.806Z", "date_created": "2025-08-10T15:38:19.806Z", "synced": false, "wallet_account": "d07a89de-15bd-4ee8-8e44-ff90be7a2f13", "parent_transaction": "28d3033e-2e13-4d22-984f-09033c64f370", "action_type": "money_to_uncleared", "amount": "500.00", "balance_type_before": "500.00", "balance_type_after": "1000.00", "workflow_step": "initiate_topup", "sequence_order": 2, "reference": "A0L5O5C1YH1754840299164949", "description": "Added 500.0 to uncleared balance", "metadata": {}}}, {"model": "billing.workflowactionlog", "pk": "f784c75a-dcdc-4265-b7d3-4787dd3f7691", "fields": {"date_modified": "2025-08-10T15:23:07.940Z", "date_created": "2025-08-10T15:23:07.940Z", "synced": false, "wallet_account": "d07a89de-15bd-4ee8-8e44-ff90be7a2f13", "parent_transaction": "30db5e30-7e16-47d0-a5b7-0cbe5e4aa424", "action_type": "money_from_current", "amount": "500.00", "balance_type_before": "1000.00", "balance_type_after": "500.00", "workflow_step": "topup_rejected", "sequence_order": 3, "reference": "A0GN3G181W1754839387277418", "description": "Deducted 500.00 from current balance", "metadata": {}}}, {"model": "billing.workflowactionlog", "pk": "f99c8812-b060-47eb-b87a-61d4aa16d906", "fields": {"date_modified": "2025-08-10T15:38:19.860Z", "date_created": "2025-08-10T15:38:19.860Z", "synced": false, "wallet_account": "d07a89de-15bd-4ee8-8e44-ff90be7a2f13", "parent_transaction": "28d3033e-2e13-4d22-984f-09033c64f370", "action_type": "money_from_uncleared", "amount": "500.00", "balance_type_before": "1000.00", "balance_type_after": "500.00", "workflow_step": "topup_rejected", "sequence_order": 4, "reference": "A0L5O5C1YH1754840299164949", "description": "Deducted 500.00 from uncleared balance", "metadata": {}}}, {"model": "billing.workflowactionlog", "pk": "fcb0da3a-6d6d-430d-907d-8f37fcc9e863", "fields": {"date_modified": "2025-08-10T15:46:39.667Z", "date_created": "2025-08-10T15:46:39.667Z", "synced": false, "wallet_account": "d07a89de-15bd-4ee8-8e44-ff90be7a2f13", "parent_transaction": "c831f17c-decb-428a-9415-52cbca83b4d5", "action_type": "money_to_current", "amount": "500.00", "balance_type_before": "2500.00", "balance_type_after": "3000.00", "workflow_step": "initiate_topup", "sequence_order": 1, "reference": "A0ZF8U5YW21754840799043786", "description": "Added 500.0 to current balance", "metadata": {}}}, {"model": "billing.walletaccount", "pk": "d07a89de-15bd-4ee8-8e44-ff90be7a2f13", "fields": {"date_modified": "2025-08-10T16:00:09.590Z", "date_created": "2025-08-10T14:51:30.619Z", "synced": false, "contribution": "845aa73d-72a1-473e-b278-9af7779b48ca", "account_number": "100000000001", "current": "5000.00", "available": "1000.00", "reserved": "0.00", "uncleared": "4000.00", "is_active": true, "is_frozen": false, "currency": "KES", "version": 38, "last_transaction_date": "2025-08-10T16:00:09.576Z", "state": null}}, {"model": "billing.wallettransaction", "pk": "088f379a-eeb7-4f65-8972-91d7d4aeaaa9", "fields": {"date_modified": "2025-08-10T15:52:19.642Z", "date_created": "2025-08-10T15:52:13.911Z", "synced": false, "wallet_account": "d07a89de-15bd-4ee8-8e44-ff90be7a2f13", "transaction_type": "topup", "amount": "500.00", "balance_before": "4000.00", "balance_after": "4000.00", "reference": "A0LT98JY7A1754841133323292", "receipt_number": "", "description": "Transaction failed", "status": "ade1ad52-94d8-4aeb-b6e8-205843f9ddb8", "metadata": {"workflow_step": "topup_rejected", "uncleared_before": "4000.00", "uncleared_after": "4500.00", "rejected_at": "2025-08-10T15:52:19.642820+00:00", "rejection_reason": "Transaction failed", "uncleared_before_rejection": "4500.00", "uncleared_after_rejection": "4000.00"}}}, {"model": "billing.wallettransaction", "pk": "21d76e15-8ee6-4db8-8423-81ca6ae7c74b", "fields": {"date_modified": "2025-08-10T15:54:03.774Z", "date_created": "2025-08-10T15:53:58.103Z", "synced": false, "wallet_account": "d07a89de-15bd-4ee8-8e44-ff90be7a2f13", "transaction_type": "topup", "amount": "500.00", "balance_before": "4000.00", "balance_after": "4000.00", "reference": "A032ZKYUBI1754841237503573", "receipt_number": "", "description": "Transaction failed", "status": "ade1ad52-94d8-4aeb-b6e8-205843f9ddb8", "metadata": {"workflow_step": "topup_rejected", "uncleared_before": "4000.00", "uncleared_after": "4500.00", "rejected_at": "2025-08-10T15:54:03.774220+00:00", "rejection_reason": "Transaction failed", "uncleared_before_rejection": "4500.00", "uncleared_after_rejection": "4000.00"}}}, {"model": "billing.wallettransaction", "pk": "25cd1ba4-e3fe-40a6-8cbc-72b8fe02f95a", "fields": {"date_modified": "2025-08-10T15:45:49.288Z", "date_created": "2025-08-10T15:45:49.288Z", "synced": false, "wallet_account": "d07a89de-15bd-4ee8-8e44-ff90be7a2f13", "transaction_type": "topup", "amount": "500.00", "balance_before": "2000.00", "balance_after": "2500.00", "reference": "A0Z0YE46V91754840748703275", "receipt_number": "", "description": "Contribution Request to Char by 254710956633", "status": "6bbbf65e-4679-4def-a75c-99c22b2d9d0c", "metadata": {"workflow_step": "initiate_topup", "uncleared_before": "2000.00", "uncleared_after": "2500.00"}}}, {"model": "billing.wallettransaction", "pk": "28d3033e-2e13-4d22-984f-09033c64f370", "fields": {"date_modified": "2025-08-10T15:38:19.858Z", "date_created": "2025-08-10T15:38:19.800Z", "synced": false, "wallet_account": "d07a89de-15bd-4ee8-8e44-ff90be7a2f13", "transaction_type": "topup", "amount": "500.00", "balance_before": "500.00", "balance_after": "500.00", "reference": "A0L5O5C1YH1754840299164949", "receipt_number": "", "description": "Transaction failed", "status": "ade1ad52-94d8-4aeb-b6e8-205843f9ddb8", "metadata": {"workflow_step": "topup_rejected", "uncleared_before": "500.00", "uncleared_after": "1000.00", "rejected_at": "2025-08-10T15:38:19.858219+00:00", "rejection_reason": "Transaction failed", "uncleared_before_rejection": "1000.00", "uncleared_after_rejection": "500.00"}}}, {"model": "billing.wallettransaction", "pk": "30db5e30-7e16-47d0-a5b7-0cbe5e4aa424", "fields": {"date_modified": "2025-08-10T15:23:07.937Z", "date_created": "2025-08-10T15:23:07.887Z", "synced": false, "wallet_account": "d07a89de-15bd-4ee8-8e44-ff90be7a2f13", "transaction_type": "topup", "amount": "500.00", "balance_before": "500.00", "balance_after": "500.00", "reference": "A0GN3G181W1754839387277418", "receipt_number": "", "description": "Transaction failed", "status": "ade1ad52-94d8-4aeb-b6e8-205843f9ddb8", "metadata": {"workflow_step": "topup_rejected", "uncleared_before": "500.00", "uncleared_after": "1000.00", "rejected_at": "2025-08-10T15:23:07.936776+00:00", "rejection_reason": "Transaction failed", "uncleared_before_rejection": "1000.00", "uncleared_after_rejection": "500.00"}}}, {"model": "billing.wallettransaction", "pk": "3b5116e4-2d5a-44b4-b2d8-53779ce92778", "fields": {"date_modified": "2025-08-10T15:47:03.160Z", "date_created": "2025-08-10T15:47:03.160Z", "synced": false, "wallet_account": "d07a89de-15bd-4ee8-8e44-ff90be7a2f13", "transaction_type": "topup", "amount": "500.00", "balance_before": "3000.00", "balance_after": "3500.00", "reference": "A0UYTTKCHU1754840822599535", "receipt_number": "", "description": "Contribution Request to Char by 254710956633", "status": "6bbbf65e-4679-4def-a75c-99c22b2d9d0c", "metadata": {"workflow_step": "initiate_topup", "uncleared_before": "3000.00", "uncleared_after": "3500.00"}}}, {"model": "billing.wallettransaction", "pk": "429fe41f-f7b1-4a83-aeea-d4a1fa775b96", "fields": {"date_modified": "2025-08-10T15:53:00.480Z", "date_created": "2025-08-10T15:52:55.146Z", "synced": false, "wallet_account": "d07a89de-15bd-4ee8-8e44-ff90be7a2f13", "transaction_type": "topup", "amount": "500.00", "balance_before": "4000.00", "balance_after": "4000.00", "reference": "A0I47XUS4H17548411745835688", "receipt_number": "", "description": "Transaction failed", "status": "ade1ad52-94d8-4aeb-b6e8-205843f9ddb8", "metadata": {"workflow_step": "topup_rejected", "uncleared_before": "4000.00", "uncleared_after": "4500.00", "rejected_at": "2025-08-10T15:53:00.480460+00:00", "rejection_reason": "Transaction failed", "uncleared_before_rejection": "4500.00", "uncleared_after_rejection": "4000.00"}}}, {"model": "billing.wallettransaction", "pk": "4a572964-22ef-42a3-a837-98586c4236dc", "fields": {"date_modified": "2025-08-10T15:40:59.998Z", "date_created": "2025-08-10T15:40:59.998Z", "synced": false, "wallet_account": "d07a89de-15bd-4ee8-8e44-ff90be7a2f13", "transaction_type": "topup", "amount": "500.00", "balance_before": "500.00", "balance_after": "1000.00", "reference": "A0PZ8Y41HD1754840459377517", "receipt_number": "", "description": "Contribution Request to Char by 254710956633", "status": "6bbbf65e-4679-4def-a75c-99c22b2d9d0c", "metadata": {"workflow_step": "initiate_topup", "uncleared_before": "500.00", "uncleared_after": "1000.00"}}}, {"model": "billing.wallettransaction", "pk": "5178b5c6-d499-485c-8b46-8096ce6dbe90", "fields": {"date_modified": "2025-08-10T15:49:05.740Z", "date_created": "2025-08-10T15:49:00.029Z", "synced": false, "wallet_account": "d07a89de-15bd-4ee8-8e44-ff90be7a2f13", "transaction_type": "topup", "amount": "500.00", "balance_before": "4000.00", "balance_after": "4000.00", "reference": "A0HYIVRMEH1754840939471603", "receipt_number": "", "description": "Transaction failed", "status": "ade1ad52-94d8-4aeb-b6e8-205843f9ddb8", "metadata": {"workflow_step": "topup_rejected", "uncleared_before": "4000.00", "uncleared_after": "4500.00", "rejected_at": "2025-08-10T15:49:05.740680+00:00", "rejection_reason": "Transaction failed", "uncleared_before_rejection": "4500.00", "uncleared_after_rejection": "4000.00"}}}, {"model": "billing.wallettransaction", "pk": "517e2706-8fea-4953-a170-ce0945105b90", "fields": {"date_modified": "2025-08-10T15:15:48.083Z", "date_created": "2025-08-10T15:15:48.027Z", "synced": false, "wallet_account": "d07a89de-15bd-4ee8-8e44-ff90be7a2f13", "transaction_type": "topup", "amount": "500.00", "balance_before": "0.00", "balance_after": "0.00", "reference": "A03W1O8K5G1754838947361863", "receipt_number": "", "description": "Transaction failed", "status": "ade1ad52-94d8-4aeb-b6e8-205843f9ddb8", "metadata": {"workflow_step": "topup_rejected", "uncleared_before": "0.00", "uncleared_after": "500.00", "rejected_at": "2025-08-10T15:15:48.083419+00:00", "rejection_reason": "Transaction failed", "uncleared_before_rejection": "500.00", "uncleared_after_rejection": "0.00"}}}, {"model": "billing.wallettransaction", "pk": "679cf229-0a52-48cf-82d9-9de95cc4db33", "fields": {"date_modified": "2025-08-10T15:47:30.833Z", "date_created": "2025-08-10T15:47:30.833Z", "synced": false, "wallet_account": "d07a89de-15bd-4ee8-8e44-ff90be7a2f13", "transaction_type": "topup", "amount": "500.00", "balance_before": "3500.00", "balance_after": "4000.00", "reference": "A02X4ENVR91754840850270981", "receipt_number": "", "description": "Contribution Request to Char by 254710956633", "status": "6bbbf65e-4679-4def-a75c-99c22b2d9d0c", "metadata": {"workflow_step": "initiate_topup", "uncleared_before": "3500.00", "uncleared_after": "4000.00"}}}, {"model": "billing.wallettransaction", "pk": "699222a4-2073-48c5-8983-efb38d1d339c", "fields": {"date_modified": "2025-08-10T15:58:57.694Z", "date_created": "2025-08-10T15:58:51.907Z", "synced": false, "wallet_account": "d07a89de-15bd-4ee8-8e44-ff90be7a2f13", "transaction_type": "topup", "amount": "500.00", "balance_before": "4500.00", "balance_after": "4500.00", "reference": "A0YYTWYGLT1754841531235379", "receipt_number": "", "description": "Transaction failed", "status": "ade1ad52-94d8-4aeb-b6e8-205843f9ddb8", "metadata": {"workflow_step": "topup_rejected", "uncleared_before": "4000.00", "uncleared_after": "4500.00", "rejected_at": "2025-08-10T15:58:57.694593+00:00", "rejection_reason": "Transaction failed", "uncleared_before_rejection": "4500.00", "uncleared_after_rejection": "4000.00"}}}, {"model": "billing.wallettransaction", "pk": "6ab62ee5-3d3d-40f7-afdf-1d69cab61f8c", "fields": {"date_modified": "2025-08-10T16:00:09.592Z", "date_created": "2025-08-10T16:00:03.815Z", "synced": false, "wallet_account": "d07a89de-15bd-4ee8-8e44-ff90be7a2f13", "transaction_type": "topup", "amount": "500.00", "balance_before": "4500.00", "balance_after": "5000.00", "reference": "A06RUT2B7T1754841603217816", "receipt_number": "", "description": "Contribution approved for Char with reference A06RUT2B7T1754841603217816", "status": "93671591-83d2-4551-a1f9-d03b5459476e", "metadata": {"workflow_step": "topup_approved", "uncleared_before": "4000.00", "uncleared_after": "4500.00", "approved_at": "2025-08-10T16:00:09.592329+00:00", "uncleared_before_approval": "4500.00", "uncleared_after_approval": "4000.00", "available_before_approval": "500.00", "available_after_approval": "1000.00"}}}, {"model": "billing.wallettransaction", "pk": "920566a4-6e64-4200-b45e-515fd26f2c2e", "fields": {"date_modified": "2025-08-10T15:58:03.888Z", "date_created": "2025-08-10T15:57:58.129Z", "synced": false, "wallet_account": "d07a89de-15bd-4ee8-8e44-ff90be7a2f13", "transaction_type": "topup", "amount": "500.00", "balance_before": "4500.00", "balance_after": "4500.00", "reference": "A010LZNU5D1754841477505491", "receipt_number": "", "description": "Transaction failed", "status": "ade1ad52-94d8-4aeb-b6e8-205843f9ddb8", "metadata": {"workflow_step": "topup_rejected", "uncleared_before": "4000.00", "uncleared_after": "4500.00", "rejected_at": "2025-08-10T15:58:03.888241+00:00", "rejection_reason": "Transaction failed", "uncleared_before_rejection": "4500.00", "uncleared_after_rejection": "4000.00"}}}, {"model": "billing.wallettransaction", "pk": "9292694a-ad0a-4838-9e1e-f961b2d2fd67", "fields": {"date_modified": "2025-08-10T15:54:51.016Z", "date_created": "2025-08-10T15:54:45.654Z", "synced": false, "wallet_account": "d07a89de-15bd-4ee8-8e44-ff90be7a2f13", "transaction_type": "topup", "amount": "500.00", "balance_before": "4000.00", "balance_after": "4500.00", "reference": "A0JIC6E8BB1754841285031869", "receipt_number": "", "description": "Contribution approved for Char with reference A0JIC6E8BB1754841285031869", "status": "93671591-83d2-4551-a1f9-d03b5459476e", "metadata": {"workflow_step": "topup_approved", "uncleared_before": "4000.00", "uncleared_after": "4500.00", "approved_at": "2025-08-10T15:54:51.015961+00:00", "uncleared_before_approval": "4500.00", "uncleared_after_approval": "4000.00", "available_before_approval": "0.00", "available_after_approval": "500.00"}}}, {"model": "billing.wallettransaction", "pk": "a4375a02-0655-4d88-89d5-afdc2cdf6167", "fields": {"date_modified": "2025-08-10T15:17:47.568Z", "date_created": "2025-08-10T15:17:47.568Z", "synced": false, "wallet_account": "d07a89de-15bd-4ee8-8e44-ff90be7a2f13", "transaction_type": "topup", "amount": "500.00", "balance_before": "0.00", "balance_after": "500.00", "reference": "A0DBW4XYGO175483906681185", "receipt_number": "", "description": "Contribution Request to Char by 254710956633", "status": "6bbbf65e-4679-4def-a75c-99c22b2d9d0c", "metadata": {"workflow_step": "initiate_topup", "uncleared_before": "0.00", "uncleared_after": "500.00"}}}, {"model": "billing.wallettransaction", "pk": "a9ad2355-842e-4c12-9ebf-eaec263dbecc", "fields": {"date_modified": "2025-08-10T15:42:49.968Z", "date_created": "2025-08-10T15:42:49.968Z", "synced": false, "wallet_account": "d07a89de-15bd-4ee8-8e44-ff90be7a2f13", "transaction_type": "topup", "amount": "500.00", "balance_before": "1000.00", "balance_after": "1500.00", "reference": "A0CANIL1O71754840569401553", "receipt_number": "", "description": "Contribution Request to Char by 254710956633", "status": "6bbbf65e-4679-4def-a75c-99c22b2d9d0c", "metadata": {"workflow_step": "initiate_topup", "uncleared_before": "1000.00", "uncleared_after": "1500.00"}}}, {"model": "billing.wallettransaction", "pk": "b7d230f0-33d4-4678-bd5b-f5c2cbf6d022", "fields": {"date_modified": "2025-08-10T15:39:58.988Z", "date_created": "2025-08-10T15:39:58.913Z", "synced": false, "wallet_account": "d07a89de-15bd-4ee8-8e44-ff90be7a2f13", "transaction_type": "topup", "amount": "500.00", "balance_before": "500.00", "balance_after": "500.00", "reference": "A0PTUYPKV11754840398288838", "receipt_number": "", "description": "Transaction failed", "status": "ade1ad52-94d8-4aeb-b6e8-205843f9ddb8", "metadata": {"workflow_step": "topup_rejected", "uncleared_before": "500.00", "uncleared_after": "1000.00", "rejected_at": "2025-08-10T15:39:58.988653+00:00", "rejection_reason": "Transaction failed", "uncleared_before_rejection": "1000.00", "uncleared_after_rejection": "500.00"}}}, {"model": "billing.wallettransaction", "pk": "b9bde86c-db52-4153-a23b-334592b5e284", "fields": {"date_modified": "2025-08-10T15:44:14.051Z", "date_created": "2025-08-10T15:44:14.051Z", "synced": false, "wallet_account": "d07a89de-15bd-4ee8-8e44-ff90be7a2f13", "transaction_type": "topup", "amount": "500.00", "balance_before": "1500.00", "balance_after": "2000.00", "reference": "A0X94DYFLY1754840653466731", "receipt_number": "", "description": "Contribution Request to Char by 254710956633", "status": "6bbbf65e-4679-4def-a75c-99c22b2d9d0c", "metadata": {"workflow_step": "initiate_topup", "uncleared_before": "1500.00", "uncleared_after": "2000.00"}}}, {"model": "billing.wallettransaction", "pk": "bc2080fc-bec5-4be3-8d52-b1072c1d7451", "fields": {"date_modified": "2025-08-10T15:36:59.926Z", "date_created": "2025-08-10T15:36:59.869Z", "synced": false, "wallet_account": "d07a89de-15bd-4ee8-8e44-ff90be7a2f13", "transaction_type": "topup", "amount": "500.00", "balance_before": "500.00", "balance_after": "500.00", "reference": "A0ECP546L517548402192670999", "receipt_number": "", "description": "Transaction failed", "status": "ade1ad52-94d8-4aeb-b6e8-205843f9ddb8", "metadata": {"workflow_step": "topup_rejected", "uncleared_before": "500.00", "uncleared_after": "1000.00", "rejected_at": "2025-08-10T15:36:59.926125+00:00", "rejection_reason": "Transaction failed", "uncleared_before_rejection": "1000.00", "uncleared_after_rejection": "500.00"}}}, {"model": "billing.wallettransaction", "pk": "c831f17c-decb-428a-9415-52cbca83b4d5", "fields": {"date_modified": "2025-08-10T15:46:39.663Z", "date_created": "2025-08-10T15:46:39.663Z", "synced": false, "wallet_account": "d07a89de-15bd-4ee8-8e44-ff90be7a2f13", "transaction_type": "topup", "amount": "500.00", "balance_before": "2500.00", "balance_after": "3000.00", "reference": "A0ZF8U5YW21754840799043786", "receipt_number": "", "description": "Contribution Request to Char by 254710956633", "status": "6bbbf65e-4679-4def-a75c-99c22b2d9d0c", "metadata": {"workflow_step": "initiate_topup", "uncleared_before": "2500.00", "uncleared_after": "3000.00"}}}, {"model": "billing.wallettransaction", "pk": "eab1fa75-fb71-4550-82e3-1c51b9cc0a68", "fields": {"date_modified": "2025-08-10T15:28:29.109Z", "date_created": "2025-08-10T15:28:29.053Z", "synced": false, "wallet_account": "d07a89de-15bd-4ee8-8e44-ff90be7a2f13", "transaction_type": "topup", "amount": "500.00", "balance_before": "500.00", "balance_after": "500.00", "reference": "A00G0OYQ1B1754839708478085", "receipt_number": "", "description": "Transaction failed", "status": "ade1ad52-94d8-4aeb-b6e8-205843f9ddb8", "metadata": {"workflow_step": "topup_rejected", "uncleared_before": "500.00", "uncleared_after": "1000.00", "rejected_at": "2025-08-10T15:28:29.109149+00:00", "rejection_reason": "Transaction failed", "uncleared_before_rejection": "1000.00", "uncleared_after_rejection": "500.00"}}}, {"model": "billing.balancelog", "pk": "139074f3-064d-495b-bc56-087593c0d9ad", "fields": {"date_modified": "2025-08-10T15:42:50.014Z", "date_created": "2025-08-10T15:42:49.984Z", "synced": false, "transaction": "a9ad2355-842e-4c12-9ebf-eaec263dbecc", "balance_entry_type": "441ba2a6-8884-4309-be92-b45400ccea1c", "reference": "A0CANIL1O71754840569401553", "receipt": null, "amount_transacted": "500.00", "total_balance": "500.00", "description": "Contribution Request to Char by 254710956633 with ref A0CANIL1O71754840569401553", "state": "93671591-83d2-4551-a1f9-d03b5459476e"}}, {"model": "billing.balancelog", "pk": "4bfa561d-d8ae-4609-ad16-70ea4dc121e5", "fields": {"date_modified": "2025-08-10T15:47:30.865Z", "date_created": "2025-08-10T15:47:30.841Z", "synced": false, "transaction": "679cf229-0a52-48cf-82d9-9de95cc4db33", "balance_entry_type": "441ba2a6-8884-4309-be92-b45400ccea1c", "reference": "A02X4ENVR91754840850270981", "receipt": null, "amount_transacted": "500.00", "total_balance": "500.00", "description": "Contribution Request to Char by 254710956633 with ref A02X4ENVR91754840850270981", "state": "93671591-83d2-4551-a1f9-d03b5459476e"}}, {"model": "billing.balancelog", "pk": "5a65ba7d-1914-4a05-94b5-6b2bae109002", "fields": {"date_modified": "2025-08-10T16:00:09.654Z", "date_created": "2025-08-10T16:00:09.618Z", "synced": false, "transaction": "6ab62ee5-3d3d-40f7-afdf-1d69cab61f8c", "balance_entry_type": "42bff756-a470-467c-8d48-1c8ebd4cecb7", "reference": "A06RUT2B7T1754841603217816", "receipt": null, "amount_transacted": "500.00", "total_balance": "500.00", "description": "Contribution approved for Char with reference A06RUT2B7T1754841603217816", "state": "93671591-83d2-4551-a1f9-d03b5459476e"}}, {"model": "billing.balancelog", "pk": "693bd748-2d82-40ec-9b81-2bdee9f5f863", "fields": {"date_modified": "2025-08-10T15:44:14.095Z", "date_created": "2025-08-10T15:44:14.065Z", "synced": false, "transaction": "b9bde86c-db52-4153-a23b-334592b5e284", "balance_entry_type": "441ba2a6-8884-4309-be92-b45400ccea1c", "reference": "A0X94DYFLY1754840653466731", "receipt": null, "amount_transacted": "500.00", "total_balance": "500.00", "description": "Contribution Request to Char by 254710956633 with ref A0X94DYFLY1754840653466731", "state": "93671591-83d2-4551-a1f9-d03b5459476e"}}, {"model": "billing.balancelog", "pk": "6d17087e-d5ea-4784-9b3a-f1f93449910b", "fields": {"date_modified": "2025-08-10T15:57:58.194Z", "date_created": "2025-08-10T15:57:58.158Z", "synced": false, "transaction": "920566a4-6e64-4200-b45e-515fd26f2c2e", "balance_entry_type": "441ba2a6-8884-4309-be92-b45400ccea1c", "reference": "A010LZNU5D1754841477505491", "receipt": null, "amount_transacted": "500.00", "total_balance": "500.00", "description": "Contribution Request to Char by 254710956633 with ref A010LZNU5D1754841477505491", "state": "ade1ad52-94d8-4aeb-b6e8-205843f9ddb8"}}, {"model": "billing.balancelog", "pk": "8d4e8c89-c63d-46eb-b350-8154d9145c23", "fields": {"date_modified": "2025-08-10T15:54:51.062Z", "date_created": "2025-08-10T15:54:51.039Z", "synced": false, "transaction": "9292694a-ad0a-4838-9e1e-f961b2d2fd67", "balance_entry_type": "42bff756-a470-467c-8d48-1c8ebd4cecb7", "reference": "A0JIC6E8BB1754841285031869", "receipt": null, "amount_transacted": "500.00", "total_balance": "500.00", "description": "Contribution approved for Char with reference A0JIC6E8BB1754841285031869", "state": "93671591-83d2-4551-a1f9-d03b5459476e"}}, {"model": "billing.balancelog", "pk": "a07a5e67-5b77-4dcd-a897-ed39654d303c", "fields": {"date_modified": "2025-08-10T15:58:51.951Z", "date_created": "2025-08-10T15:58:51.920Z", "synced": false, "transaction": "699222a4-2073-48c5-8983-efb38d1d339c", "balance_entry_type": "441ba2a6-8884-4309-be92-b45400ccea1c", "reference": "A0YYTWYGLT1754841531235379", "receipt": null, "amount_transacted": "500.00", "total_balance": "500.00", "description": "Contribution Request to Char by 254710956633 with ref A0YYTWYGLT1754841531235379", "state": "ade1ad52-94d8-4aeb-b6e8-205843f9ddb8"}}, {"model": "billing.balancelog", "pk": "b04fab41-872f-40c4-8523-497708a7f0fc", "fields": {"date_modified": "2025-08-10T16:00:03.844Z", "date_created": "2025-08-10T16:00:03.823Z", "synced": false, "transaction": "6ab62ee5-3d3d-40f7-afdf-1d69cab61f8c", "balance_entry_type": "441ba2a6-8884-4309-be92-b45400ccea1c", "reference": "A06RUT2B7T1754841603217816", "receipt": null, "amount_transacted": "500.00", "total_balance": "500.00", "description": "Contribution Request to Char by 254710956633 with ref A06RUT2B7T1754841603217816", "state": "93671591-83d2-4551-a1f9-d03b5459476e"}}, {"model": "billing.balancelog", "pk": "b51ba26d-bbb3-4987-a596-f6a13887d36d", "fields": {"date_modified": "2025-08-10T15:41:00.035Z", "date_created": "2025-08-10T15:41:00.008Z", "synced": false, "transaction": "4a572964-22ef-42a3-a837-98586c4236dc", "balance_entry_type": "441ba2a6-8884-4309-be92-b45400ccea1c", "reference": "A0PZ8Y41HD1754840459377517", "receipt": null, "amount_transacted": "500.00", "total_balance": "500.00", "description": "Contribution Request to Char by 254710956633 with ref A0PZ8Y41HD1754840459377517", "state": "93671591-83d2-4551-a1f9-d03b5459476e"}}, {"model": "billing.balancelog", "pk": "b7e8ce3f-bce8-4eac-93f8-056de2c31293", "fields": {"date_modified": "2025-08-10T15:53:58.145Z", "date_created": "2025-08-10T15:53:58.112Z", "synced": false, "transaction": "21d76e15-8ee6-4db8-8423-81ca6ae7c74b", "balance_entry_type": "441ba2a6-8884-4309-be92-b45400ccea1c", "reference": "A032ZKYUBI1754841237503573", "receipt": null, "amount_transacted": "500.00", "total_balance": "500.00", "description": "Contribution Request to Char by 254710956633 with ref A032ZKYUBI1754841237503573", "state": "ade1ad52-94d8-4aeb-b6e8-205843f9ddb8"}}, {"model": "billing.balancelog", "pk": "bb1995e8-d947-4f0f-80b0-b34b959345c4", "fields": {"date_modified": "2025-08-10T15:46:39.697Z", "date_created": "2025-08-10T15:46:39.671Z", "synced": false, "transaction": "c831f17c-decb-428a-9415-52cbca83b4d5", "balance_entry_type": "441ba2a6-8884-4309-be92-b45400ccea1c", "reference": "A0ZF8U5YW21754840799043786", "receipt": null, "amount_transacted": "500.00", "total_balance": "500.00", "description": "Contribution Request to Char by 254710956633 with ref A0ZF8U5YW21754840799043786", "state": "93671591-83d2-4551-a1f9-d03b5459476e"}}, {"model": "billing.balancelog", "pk": "bd7b87ba-1f93-4556-a998-0168116a7d04", "fields": {"date_modified": "2025-08-10T15:45:49.329Z", "date_created": "2025-08-10T15:45:49.300Z", "synced": false, "transaction": "25cd1ba4-e3fe-40a6-8cbc-72b8fe02f95a", "balance_entry_type": "441ba2a6-8884-4309-be92-b45400ccea1c", "reference": "A0Z0YE46V91754840748703275", "receipt": null, "amount_transacted": "500.00", "total_balance": "500.00", "description": "Contribution Request to Char by 254710956633 with ref A0Z0YE46V91754840748703275", "state": "93671591-83d2-4551-a1f9-d03b5459476e"}}, {"model": "billing.balancelog", "pk": "c0927059-4e70-4be4-887b-e940ec91a943", "fields": {"date_modified": "2025-08-10T15:54:45.696Z", "date_created": "2025-08-10T15:54:45.664Z", "synced": false, "transaction": "9292694a-ad0a-4838-9e1e-f961b2d2fd67", "balance_entry_type": "441ba2a6-8884-4309-be92-b45400ccea1c", "reference": "A0JIC6E8BB1754841285031869", "receipt": null, "amount_transacted": "500.00", "total_balance": "500.00", "description": "Contribution Request to Char by 254710956633 with ref A0JIC6E8BB1754841285031869", "state": "93671591-83d2-4551-a1f9-d03b5459476e"}}, {"model": "billing.balancelog", "pk": "d9f6ea68-f822-4335-b92b-aab1b8165576", "fields": {"date_modified": "2025-08-10T15:47:03.197Z", "date_created": "2025-08-10T15:47:03.169Z", "synced": false, "transaction": "3b5116e4-2d5a-44b4-b2d8-53779ce92778", "balance_entry_type": "441ba2a6-8884-4309-be92-b45400ccea1c", "reference": "A0UYTTKCHU1754840822599535", "receipt": null, "amount_transacted": "500.00", "total_balance": "500.00", "description": "Contribution Request to Char by 254710956633 with ref A0UYTTKCHU1754840822599535", "state": "93671591-83d2-4551-a1f9-d03b5459476e"}}, {"model": "billing.balancelog", "pk": "dc95bf45-a347-4211-a264-e2093990a074", "fields": {"date_modified": "2025-08-10T15:52:55.179Z", "date_created": "2025-08-10T15:52:55.156Z", "synced": false, "transaction": "429fe41f-f7b1-4a83-aeea-d4a1fa775b96", "balance_entry_type": "441ba2a6-8884-4309-be92-b45400ccea1c", "reference": "A0I47XUS4H17548411745835688", "receipt": null, "amount_transacted": "500.00", "total_balance": "500.00", "description": "Contribution Request to Char by 254710956633 with ref A0I47XUS4H17548411745835688", "state": "ade1ad52-94d8-4aeb-b6e8-205843f9ddb8"}}, {"model": "billing.balancelog", "pk": "e2a77f91-14fc-449e-ad53-e01db4a0195e", "fields": {"date_modified": "2025-08-10T15:52:13.972Z", "date_created": "2025-08-10T15:52:13.934Z", "synced": false, "transaction": "088f379a-eeb7-4f65-8972-91d7d4aeaaa9", "balance_entry_type": "441ba2a6-8884-4309-be92-b45400ccea1c", "reference": "A0LT98JY7A1754841133323292", "receipt": null, "amount_transacted": "500.00", "total_balance": "500.00", "description": "Contribution Request to Char by 254710956633 with ref A0LT98JY7A1754841133323292", "state": "ade1ad52-94d8-4aeb-b6e8-205843f9ddb8"}}, {"model": "billing.balancelog", "pk": "eda72634-e51a-4374-9850-1e0742ce5ad4", "fields": {"date_modified": "2025-08-10T15:17:47.591Z", "date_created": "2025-08-10T15:17:47.575Z", "synced": false, "transaction": "a4375a02-0655-4d88-89d5-afdc2cdf6167", "balance_entry_type": "441ba2a6-8884-4309-be92-b45400ccea1c", "reference": "A0DBW4XYGO175483906681185", "receipt": null, "amount_transacted": "500.00", "total_balance": "500.00", "description": "Contribution Request to Char by 254710956633 with ref A0DBW4XYGO175483906681185", "state": "93671591-83d2-4551-a1f9-d03b5459476e"}}, {"model": "billing.balancelog", "pk": "fdc26e00-a2df-4380-b7c7-c408d5748e36", "fields": {"date_modified": "2025-08-10T15:49:00.061Z", "date_created": "2025-08-10T15:49:00.038Z", "synced": false, "transaction": "5178b5c6-d499-485c-8b46-8096ce6dbe90", "balance_entry_type": "441ba2a6-8884-4309-be92-b45400ccea1c", "reference": "A0HYIVRMEH1754840939471603", "receipt": null, "amount_transacted": "500.00", "total_balance": "500.00", "description": "Contribution Request to Char by 254710956633 with ref A0HYIVRMEH1754840939471603", "state": "ade1ad52-94d8-4aeb-b6e8-205843f9ddb8"}}, {"model": "billing.balancelogentry", "pk": "10bf4e5b-b4d0-4ab5-9773-a7db84586db5", "fields": {"date_modified": "2025-08-10T15:52:55.178Z", "date_created": "2025-08-10T15:52:55.178Z", "synced": false, "process_log": "dc95bf45-a347-4211-a264-e2093990a074", "entry_type": "b1e1ed68-39b6-4f44-b067-3aeb8cac6d57", "account_field_type": "a4cada88-21c2-4ba2-91ec-9bf9b7d4bf82", "amount_transacted": "500.00", "state": "93671591-83d2-4551-a1f9-d03b5459476e"}}, {"model": "billing.balancelogentry", "pk": "1ae99df1-fee0-42a8-bb45-5150697332e9", "fields": {"date_modified": "2025-08-10T15:52:13.958Z", "date_created": "2025-08-10T15:52:13.958Z", "synced": false, "process_log": "e2a77f91-14fc-449e-ad53-e01db4a0195e", "entry_type": "d1f19114-40e2-4d32-8e45-3b04574fb596", "account_field_type": "b13cec03-2f73-4b15-a9bd-1af5d4f83599", "amount_transacted": "500.00", "state": "93671591-83d2-4551-a1f9-d03b5459476e"}}, {"model": "billing.balancelogentry", "pk": "208bf662-4159-407a-ab41-c6e3da33b4be", "fields": {"date_modified": "2025-08-10T15:54:45.686Z", "date_created": "2025-08-10T15:54:45.686Z", "synced": false, "process_log": "c0927059-4e70-4be4-887b-e940ec91a943", "entry_type": "d1f19114-40e2-4d32-8e45-3b04574fb596", "account_field_type": "b13cec03-2f73-4b15-a9bd-1af5d4f83599", "amount_transacted": "500.00", "state": "93671591-83d2-4551-a1f9-d03b5459476e"}}, {"model": "billing.balancelogentry", "pk": "23651d90-2058-4986-aa25-0b069f070db8", "fields": {"date_modified": "2025-08-10T15:17:47.588Z", "date_created": "2025-08-10T15:17:47.589Z", "synced": false, "process_log": "eda72634-e51a-4374-9850-1e0742ce5ad4", "entry_type": "b1e1ed68-39b6-4f44-b067-3aeb8cac6d57", "account_field_type": "a4cada88-21c2-4ba2-91ec-9bf9b7d4bf82", "amount_transacted": "500.00", "state": "93671591-83d2-4551-a1f9-d03b5459476e"}}, {"model": "billing.balancelogentry", "pk": "23a66a3c-af00-4e22-97ca-cf82f38ca595", "fields": {"date_modified": "2025-08-10T15:53:58.141Z", "date_created": "2025-08-10T15:53:58.142Z", "synced": false, "process_log": "b7e8ce3f-bce8-4eac-93f8-056de2c31293", "entry_type": "b1e1ed68-39b6-4f44-b067-3aeb8cac6d57", "account_field_type": "a4cada88-21c2-4ba2-91ec-9bf9b7d4bf82", "amount_transacted": "500.00", "state": "93671591-83d2-4551-a1f9-d03b5459476e"}}, {"model": "billing.balancelogentry", "pk": "31bd2a08-c1fe-4693-9587-0e933decee1d", "fields": {"date_modified": "2025-08-10T15:53:58.129Z", "date_created": "2025-08-10T15:53:58.129Z", "synced": false, "process_log": "b7e8ce3f-bce8-4eac-93f8-056de2c31293", "entry_type": "d1f19114-40e2-4d32-8e45-3b04574fb596", "account_field_type": "b13cec03-2f73-4b15-a9bd-1af5d4f83599", "amount_transacted": "500.00", "state": "93671591-83d2-4551-a1f9-d03b5459476e"}}, {"model": "billing.balancelogentry", "pk": "322c99ac-e0d5-4da0-aa80-8da1c37ba653", "fields": {"date_modified": "2025-08-10T15:54:51.060Z", "date_created": "2025-08-10T15:54:51.060Z", "synced": false, "process_log": "8d4e8c89-c63d-46eb-b350-8154d9145c23", "entry_type": "d1f19114-40e2-4d32-8e45-3b04574fb596", "account_field_type": "10e68532-24a6-4f12-a14d-af4ef9a7f4e7", "amount_transacted": "500.00", "state": "93671591-83d2-4551-a1f9-d03b5459476e"}}, {"model": "billing.balancelogentry", "pk": "369deea5-2778-4767-a19e-9cacbb082aa9", "fields": {"date_modified": "2025-08-10T15:49:00.060Z", "date_created": "2025-08-10T15:49:00.060Z", "synced": false, "process_log": "fdc26e00-a2df-4380-b7c7-c408d5748e36", "entry_type": "b1e1ed68-39b6-4f44-b067-3aeb8cac6d57", "account_field_type": "a4cada88-21c2-4ba2-91ec-9bf9b7d4bf82", "amount_transacted": "500.00", "state": "93671591-83d2-4551-a1f9-d03b5459476e"}}, {"model": "billing.balancelogentry", "pk": "3d03b1fd-ec38-487e-8e1c-372377b597ae", "fields": {"date_modified": "2025-08-10T15:17:47.583Z", "date_created": "2025-08-10T15:17:47.584Z", "synced": false, "process_log": "eda72634-e51a-4374-9850-1e0742ce5ad4", "entry_type": "d1f19114-40e2-4d32-8e45-3b04574fb596", "account_field_type": "b13cec03-2f73-4b15-a9bd-1af5d4f83599", "amount_transacted": "500.00", "state": "93671591-83d2-4551-a1f9-d03b5459476e"}}, {"model": "billing.balancelogentry", "pk": "3fe9484f-32c4-494e-8ba8-f8d63e2e4e5f", "fields": {"date_modified": "2025-08-10T15:52:13.967Z", "date_created": "2025-08-10T15:52:13.967Z", "synced": false, "process_log": "e2a77f91-14fc-449e-ad53-e01db4a0195e", "entry_type": "b1e1ed68-39b6-4f44-b067-3aeb8cac6d57", "account_field_type": "a4cada88-21c2-4ba2-91ec-9bf9b7d4bf82", "amount_transacted": "500.00", "state": "93671591-83d2-4551-a1f9-d03b5459476e"}}, {"model": "billing.balancelogentry", "pk": "41a7505a-39ba-4a4d-b61e-7da1053013da", "fields": {"date_modified": "2025-08-10T15:57:58.177Z", "date_created": "2025-08-10T15:57:58.177Z", "synced": false, "process_log": "6d17087e-d5ea-4784-9b3a-f1f93449910b", "entry_type": "d1f19114-40e2-4d32-8e45-3b04574fb596", "account_field_type": "b13cec03-2f73-4b15-a9bd-1af5d4f83599", "amount_transacted": "500.00", "state": "ade1ad52-94d8-4aeb-b6e8-205843f9ddb8"}}, {"model": "billing.balancelogentry", "pk": "45b6868c-2170-459e-9f80-f9b8e6080653", "fields": {"date_modified": "2025-08-10T15:45:49.326Z", "date_created": "2025-08-10T15:45:49.326Z", "synced": false, "process_log": "bd7b87ba-1f93-4556-a998-0168116a7d04", "entry_type": "b1e1ed68-39b6-4f44-b067-3aeb8cac6d57", "account_field_type": "a4cada88-21c2-4ba2-91ec-9bf9b7d4bf82", "amount_transacted": "500.00", "state": "93671591-83d2-4551-a1f9-d03b5459476e"}}, {"model": "billing.balancelogentry", "pk": "468da3bd-e2a6-49ba-b073-5096aa844048", "fields": {"date_modified": "2025-08-10T15:54:51.050Z", "date_created": "2025-08-10T15:54:51.050Z", "synced": false, "process_log": "8d4e8c89-c63d-46eb-b350-8154d9145c23", "entry_type": "d1f19114-40e2-4d32-8e45-3b04574fb596", "account_field_type": "b13cec03-2f73-4b15-a9bd-1af5d4f83599", "amount_transacted": "500.00", "state": "93671591-83d2-4551-a1f9-d03b5459476e"}}, {"model": "billing.balancelogentry", "pk": "576443f4-538b-4f93-a85c-acf96564df7f", "fields": {"date_modified": "2025-08-10T15:42:50.003Z", "date_created": "2025-08-10T15:42:50.003Z", "synced": false, "process_log": "139074f3-064d-495b-bc56-087593c0d9ad", "entry_type": "d1f19114-40e2-4d32-8e45-3b04574fb596", "account_field_type": "b13cec03-2f73-4b15-a9bd-1af5d4f83599", "amount_transacted": "500.00", "state": "93671591-83d2-4551-a1f9-d03b5459476e"}}, {"model": "billing.balancelogentry", "pk": "5b3b813e-bc9b-4355-b6aa-5caef6833014", "fields": {"date_modified": "2025-08-10T15:47:03.184Z", "date_created": "2025-08-10T15:47:03.184Z", "synced": false, "process_log": "d9f6ea68-f822-4335-b92b-aab1b8165576", "entry_type": "d1f19114-40e2-4d32-8e45-3b04574fb596", "account_field_type": "b13cec03-2f73-4b15-a9bd-1af5d4f83599", "amount_transacted": "500.00", "state": "93671591-83d2-4551-a1f9-d03b5459476e"}}, {"model": "billing.balancelogentry", "pk": "5be9c7e0-0e91-4317-9e8d-ae5d2f2a9a8a", "fields": {"date_modified": "2025-08-10T15:46:39.687Z", "date_created": "2025-08-10T15:46:39.687Z", "synced": false, "process_log": "bb1995e8-d947-4f0f-80b0-b34b959345c4", "entry_type": "d1f19114-40e2-4d32-8e45-3b04574fb596", "account_field_type": "b13cec03-2f73-4b15-a9bd-1af5d4f83599", "amount_transacted": "500.00", "state": "93671591-83d2-4551-a1f9-d03b5459476e"}}, {"model": "billing.balancelogentry", "pk": "6e7fd498-4fde-4749-8dc4-ae6147ce3078", "fields": {"date_modified": "2025-08-10T15:47:03.193Z", "date_created": "2025-08-10T15:47:03.193Z", "synced": false, "process_log": "d9f6ea68-f822-4335-b92b-aab1b8165576", "entry_type": "b1e1ed68-39b6-4f44-b067-3aeb8cac6d57", "account_field_type": "a4cada88-21c2-4ba2-91ec-9bf9b7d4bf82", "amount_transacted": "500.00", "state": "93671591-83d2-4551-a1f9-d03b5459476e"}}, {"model": "billing.balancelogentry", "pk": "7ac6654b-7e75-4d7b-b67d-5a5777061727", "fields": {"date_modified": "2025-08-10T15:54:45.694Z", "date_created": "2025-08-10T15:54:45.694Z", "synced": false, "process_log": "c0927059-4e70-4be4-887b-e940ec91a943", "entry_type": "b1e1ed68-39b6-4f44-b067-3aeb8cac6d57", "account_field_type": "a4cada88-21c2-4ba2-91ec-9bf9b7d4bf82", "amount_transacted": "500.00", "state": "93671591-83d2-4551-a1f9-d03b5459476e"}}, {"model": "billing.balancelogentry", "pk": "7c5e889e-8775-4922-84b8-8d318f36ec89", "fields": {"date_modified": "2025-08-10T15:58:51.941Z", "date_created": "2025-08-10T15:58:51.941Z", "synced": false, "process_log": "a07a5e67-5b77-4dcd-a897-ed39654d303c", "entry_type": "d1f19114-40e2-4d32-8e45-3b04574fb596", "account_field_type": "b13cec03-2f73-4b15-a9bd-1af5d4f83599", "amount_transacted": "500.00", "state": "ade1ad52-94d8-4aeb-b6e8-205843f9ddb8"}}, {"model": "billing.balancelogentry", "pk": "80813e2c-493f-4023-b262-9747edd77d7e", "fields": {"date_modified": "2025-08-10T15:52:55.172Z", "date_created": "2025-08-10T15:52:55.172Z", "synced": false, "process_log": "dc95bf45-a347-4211-a264-e2093990a074", "entry_type": "d1f19114-40e2-4d32-8e45-3b04574fb596", "account_field_type": "b13cec03-2f73-4b15-a9bd-1af5d4f83599", "amount_transacted": "500.00", "state": "93671591-83d2-4551-a1f9-d03b5459476e"}}, {"model": "billing.balancelogentry", "pk": "8849722c-f542-4c40-b281-78d8b03fbdea", "fields": {"date_modified": "2025-08-10T15:58:51.949Z", "date_created": "2025-08-10T15:58:51.949Z", "synced": false, "process_log": "a07a5e67-5b77-4dcd-a897-ed39654d303c", "entry_type": "b1e1ed68-39b6-4f44-b067-3aeb8cac6d57", "account_field_type": "a4cada88-21c2-4ba2-91ec-9bf9b7d4bf82", "amount_transacted": "500.00", "state": "ade1ad52-94d8-4aeb-b6e8-205843f9ddb8"}}, {"model": "billing.balancelogentry", "pk": "8fceb6d3-5f2a-4960-86d2-ef86981f9e6c", "fields": {"date_modified": "2025-08-10T15:57:58.191Z", "date_created": "2025-08-10T15:57:58.191Z", "synced": false, "process_log": "6d17087e-d5ea-4784-9b3a-f1f93449910b", "entry_type": "b1e1ed68-39b6-4f44-b067-3aeb8cac6d57", "account_field_type": "a4cada88-21c2-4ba2-91ec-9bf9b7d4bf82", "amount_transacted": "500.00", "state": "ade1ad52-94d8-4aeb-b6e8-205843f9ddb8"}}, {"model": "billing.balancelogentry", "pk": "90dbbefc-9a5d-47b9-9dd2-cf32712a4814", "fields": {"date_modified": "2025-08-10T15:44:14.092Z", "date_created": "2025-08-10T15:44:14.092Z", "synced": false, "process_log": "693bd748-2d82-40ec-9b81-2bdee9f5f863", "entry_type": "b1e1ed68-39b6-4f44-b067-3aeb8cac6d57", "account_field_type": "a4cada88-21c2-4ba2-91ec-9bf9b7d4bf82", "amount_transacted": "500.00", "state": "93671591-83d2-4551-a1f9-d03b5459476e"}}, {"model": "billing.balancelogentry", "pk": "9dc7bff6-172d-4ec4-8c38-1761870e8234", "fields": {"date_modified": "2025-08-10T15:41:00.024Z", "date_created": "2025-08-10T15:41:00.024Z", "synced": false, "process_log": "b51ba26d-bbb3-4987-a596-f6a13887d36d", "entry_type": "d1f19114-40e2-4d32-8e45-3b04574fb596", "account_field_type": "b13cec03-2f73-4b15-a9bd-1af5d4f83599", "amount_transacted": "500.00", "state": "93671591-83d2-4551-a1f9-d03b5459476e"}}, {"model": "billing.balancelogentry", "pk": "ae96f3f0-ea68-4de2-afd2-f1eb59ad302f", "fields": {"date_modified": "2025-08-10T15:44:14.083Z", "date_created": "2025-08-10T15:44:14.083Z", "synced": false, "process_log": "693bd748-2d82-40ec-9b81-2bdee9f5f863", "entry_type": "d1f19114-40e2-4d32-8e45-3b04574fb596", "account_field_type": "b13cec03-2f73-4b15-a9bd-1af5d4f83599", "amount_transacted": "500.00", "state": "93671591-83d2-4551-a1f9-d03b5459476e"}}, {"model": "billing.balancelogentry", "pk": "b49abdda-b82d-4b43-9a7e-556ea28c8135", "fields": {"date_modified": "2025-08-10T15:42:50.013Z", "date_created": "2025-08-10T15:42:50.013Z", "synced": false, "process_log": "139074f3-064d-495b-bc56-087593c0d9ad", "entry_type": "b1e1ed68-39b6-4f44-b067-3aeb8cac6d57", "account_field_type": "a4cada88-21c2-4ba2-91ec-9bf9b7d4bf82", "amount_transacted": "500.00", "state": "93671591-83d2-4551-a1f9-d03b5459476e"}}, {"model": "billing.balancelogentry", "pk": "b65c56f0-64ed-4fc2-8596-4f6bffd94688", "fields": {"date_modified": "2025-08-10T15:47:30.855Z", "date_created": "2025-08-10T15:47:30.855Z", "synced": false, "process_log": "4bfa561d-d8ae-4609-ad16-70ea4dc121e5", "entry_type": "d1f19114-40e2-4d32-8e45-3b04574fb596", "account_field_type": "b13cec03-2f73-4b15-a9bd-1af5d4f83599", "amount_transacted": "500.00", "state": "93671591-83d2-4551-a1f9-d03b5459476e"}}, {"model": "billing.balancelogentry", "pk": "b86a8655-f2e5-4d98-bde0-cd01f25a07db", "fields": {"date_modified": "2025-08-10T16:00:03.842Z", "date_created": "2025-08-10T16:00:03.843Z", "synced": false, "process_log": "b04fab41-872f-40c4-8523-497708a7f0fc", "entry_type": "b1e1ed68-39b6-4f44-b067-3aeb8cac6d57", "account_field_type": "a4cada88-21c2-4ba2-91ec-9bf9b7d4bf82", "amount_transacted": "500.00", "state": "93671591-83d2-4551-a1f9-d03b5459476e"}}, {"model": "billing.balancelogentry", "pk": "b8af4f3e-9b5e-462e-b9ec-a473ab28e648", "fields": {"date_modified": "2025-08-10T16:00:09.636Z", "date_created": "2025-08-10T16:00:09.637Z", "synced": false, "process_log": "5a65ba7d-1914-4a05-94b5-6b2bae109002", "entry_type": "d1f19114-40e2-4d32-8e45-3b04574fb596", "account_field_type": "b13cec03-2f73-4b15-a9bd-1af5d4f83599", "amount_transacted": "500.00", "state": "93671591-83d2-4551-a1f9-d03b5459476e"}}, {"model": "billing.balancelogentry", "pk": "bed9af59-e8ef-425e-85ee-da4574cb4195", "fields": {"date_modified": "2025-08-10T15:47:30.863Z", "date_created": "2025-08-10T15:47:30.863Z", "synced": false, "process_log": "4bfa561d-d8ae-4609-ad16-70ea4dc121e5", "entry_type": "b1e1ed68-39b6-4f44-b067-3aeb8cac6d57", "account_field_type": "a4cada88-21c2-4ba2-91ec-9bf9b7d4bf82", "amount_transacted": "500.00", "state": "93671591-83d2-4551-a1f9-d03b5459476e"}}, {"model": "billing.balancelogentry", "pk": "d07f2eb6-ddc6-4242-962a-e9a3c0fb6c5c", "fields": {"date_modified": "2025-08-10T15:46:39.696Z", "date_created": "2025-08-10T15:46:39.696Z", "synced": false, "process_log": "bb1995e8-d947-4f0f-80b0-b34b959345c4", "entry_type": "b1e1ed68-39b6-4f44-b067-3aeb8cac6d57", "account_field_type": "a4cada88-21c2-4ba2-91ec-9bf9b7d4bf82", "amount_transacted": "500.00", "state": "93671591-83d2-4551-a1f9-d03b5459476e"}}, {"model": "billing.balancelogentry", "pk": "d2ac8310-842f-497d-9bfc-98c16d5420ee", "fields": {"date_modified": "2025-08-10T15:41:00.033Z", "date_created": "2025-08-10T15:41:00.033Z", "synced": false, "process_log": "b51ba26d-bbb3-4987-a596-f6a13887d36d", "entry_type": "b1e1ed68-39b6-4f44-b067-3aeb8cac6d57", "account_field_type": "a4cada88-21c2-4ba2-91ec-9bf9b7d4bf82", "amount_transacted": "500.00", "state": "93671591-83d2-4551-a1f9-d03b5459476e"}}, {"model": "billing.balancelogentry", "pk": "d6acfc35-9f20-44ff-8329-e2b17e36f7c0", "fields": {"date_modified": "2025-08-10T16:00:03.835Z", "date_created": "2025-08-10T16:00:03.836Z", "synced": false, "process_log": "b04fab41-872f-40c4-8523-497708a7f0fc", "entry_type": "d1f19114-40e2-4d32-8e45-3b04574fb596", "account_field_type": "b13cec03-2f73-4b15-a9bd-1af5d4f83599", "amount_transacted": "500.00", "state": "93671591-83d2-4551-a1f9-d03b5459476e"}}, {"model": "billing.balancelogentry", "pk": "df19c05c-f888-486a-8586-4a163a141fa1", "fields": {"date_modified": "2025-08-10T15:45:49.317Z", "date_created": "2025-08-10T15:45:49.317Z", "synced": false, "process_log": "bd7b87ba-1f93-4556-a998-0168116a7d04", "entry_type": "d1f19114-40e2-4d32-8e45-3b04574fb596", "account_field_type": "b13cec03-2f73-4b15-a9bd-1af5d4f83599", "amount_transacted": "500.00", "state": "93671591-83d2-4551-a1f9-d03b5459476e"}}, {"model": "billing.balancelogentry", "pk": "f057fd15-383f-4e1f-820d-f6a5bf819eee", "fields": {"date_modified": "2025-08-10T16:00:09.649Z", "date_created": "2025-08-10T16:00:09.649Z", "synced": false, "process_log": "5a65ba7d-1914-4a05-94b5-6b2bae109002", "entry_type": "d1f19114-40e2-4d32-8e45-3b04574fb596", "account_field_type": "10e68532-24a6-4f12-a14d-af4ef9a7f4e7", "amount_transacted": "500.00", "state": "93671591-83d2-4551-a1f9-d03b5459476e"}}, {"model": "billing.balancelogentry", "pk": "fc4973a1-f61c-4fa5-8024-bc319dec93b3", "fields": {"date_modified": "2025-08-10T15:49:00.052Z", "date_created": "2025-08-10T15:49:00.052Z", "synced": false, "process_log": "fdc26e00-a2df-4380-b7c7-c408d5748e36", "entry_type": "d1f19114-40e2-4d32-8e45-3b04574fb596", "account_field_type": "b13cec03-2f73-4b15-a9bd-1af5d4f83599", "amount_transacted": "500.00", "state": "93671591-83d2-4551-a1f9-d03b5459476e"}}]